id,watchlist_id,item_name,added_at,market,watchlist_type,user_id,last_discovery_time
1,1,Google,"2025-11-08 15:15:55",US,companies,123,2025-11-09T17:24:57.518094
2,1,Amazon,"2025-11-08 15:15:55",US,companies,123,2025-11-09T17:25:22.374723
3,1,Alibaba,"2025-11-08 15:15:55",US,companies,123,2025-11-09T17:25:48.641638
4,2,Google,"2025-11-08 16:39:23",US,companies,default_user,
5,3,Google,"2025-11-08 16:39:23",US,companies,default_user,
6,7,Amazon,"2025-11-08 16:39:23",US,companies,default_user,
7,8,Amazon,"2025-11-08 16:39:23",US,companies,default_user,
8,9,Alibaba,"2025-11-08 16:39:23",US,companies,default_user,
9,10,Alibaba,"2025-11-08 16:39:23",US,companies,default_user,
10,11,Alibaba,"2025-11-08 16:39:23",US,companies,default_user,
11,12,Alibaba,"2025-11-08 16:39:23",US,companies,default_user,
12,13,Alibaba,"2025-11-08 16:39:23",US,companies,default_user,
13,4,Amazon,"2025-11-08 16:39:23",US,companies,default_user,
14,15,Google,"2025-11-08 16:39:23",US,companies,default_user,
15,16,Google,"2025-11-08 16:39:23",US,companies,default_user,
16,14,Google,"2025-11-08 16:39:23",US,companies,default_user,
17,6,Amazon,"2025-11-08 16:39:23",US,companies,default_user,
18,5,Amazon,"2025-11-08 16:39:23",US,companies,default_user,
19,17,Google,"2025-11-08 16:46:38",US,companies,default_user,
20,18,Google,"2025-11-08 16:46:38",US,companies,default_user,
21,22,Amazon,"2025-11-08 16:46:38",US,companies,default_user,
22,23,Amazon,"2025-11-08 16:46:38",US,companies,default_user,
23,24,Alibaba,"2025-11-08 16:46:38",US,companies,default_user,
24,25,Alibaba,"2025-11-08 16:46:38",US,companies,default_user,
25,26,Alibaba,"2025-11-08 16:46:38",US,companies,default_user,
26,27,Alibaba,"2025-11-08 16:46:38",US,companies,default_user,
27,28,Alibaba,"2025-11-08 16:46:38",US,companies,default_user,
28,19,Amazon,"2025-11-08 16:46:38",US,companies,default_user,
29,30,Google,"2025-11-08 16:46:38",US,companies,default_user,
30,31,Google,"2025-11-08 16:46:38",US,companies,default_user,
31,29,Google,"2025-11-08 16:46:38",US,companies,default_user,
32,20,Amazon,"2025-11-08 16:46:38",US,companies,default_user,
33,21,Amazon,"2025-11-08 16:46:38",US,companies,default_user,
34,32,Google,"2025-11-08 16:53:54",US,companies,default_user,
35,33,Google,"2025-11-08 16:53:54",US,companies,default_user,
36,37,Amazon,"2025-11-08 16:53:54",US,companies,default_user,
37,38,Amazon,"2025-11-08 16:53:54",US,companies,default_user,
38,39,Alibaba,"2025-11-08 16:53:54",US,companies,default_user,
39,40,Alibaba,"2025-11-08 16:53:54",US,companies,default_user,
40,41,Alibaba,"2025-11-08 16:53:54",US,companies,default_user,
41,42,Alibaba,"2025-11-08 16:53:54",US,companies,default_user,
42,43,Alibaba,"2025-11-08 16:53:54",US,companies,default_user,
43,44,Google,"2025-11-08 16:53:54",US,companies,default_user,
44,45,Google,"2025-11-08 16:53:54",US,companies,default_user,
45,46,Google,"2025-11-08 16:53:54",US,companies,default_user,
46,47,Google,"2025-11-08 16:53:54",US,companies,default_user,
47,48,Google,"2025-11-08 16:53:54",US,companies,default_user,
48,49,Amazon,"2025-11-08 16:53:54",US,companies,default_user,
49,50,Amazon,"2025-11-08 16:53:54",US,companies,default_user,
50,51,Amazon,"2025-11-08 16:53:54",US,companies,default_user,
51,52,Amazon,"2025-11-08 16:53:54",US,companies,default_user,
52,53,Amazon,"2025-11-08 16:53:54",US,companies,default_user,
53,54,Alibaba,"2025-11-08 16:53:54",US,companies,default_user,
54,55,Alibaba,"2025-11-08 16:53:54",US,companies,default_user,
55,56,Alibaba,"2025-11-08 16:53:54",US,companies,default_user,
56,57,Alibaba,"2025-11-08 16:53:54",US,companies,default_user,
57,58,Alibaba,"2025-11-08 16:53:54",US,companies,default_user,
58,59,Google,"2025-11-08 16:53:54",US,companies,default_user,
59,60,Google,"2025-11-08 16:53:54",US,companies,default_user,
60,61,Google,"2025-11-08 16:53:54",US,companies,default_user,
61,62,Google,"2025-11-08 16:53:54",US,companies,default_user,
62,63,Google,"2025-11-08 16:53:54",US,companies,default_user,
63,64,Amazon,"2025-11-08 16:53:54",US,companies,default_user,
64,65,Amazon,"2025-11-08 16:53:54",US,companies,default_user,
65,66,Amazon,"2025-11-08 16:53:54",US,companies,default_user,
66,67,Amazon,"2025-11-08 16:53:54",US,companies,default_user,
67,68,Amazon,"2025-11-08 16:53:54",US,companies,default_user,
68,69,Alibaba,"2025-11-08 16:53:54",US,companies,default_user,
69,70,Alibaba,"2025-11-08 16:53:54",US,companies,default_user,
70,71,Alibaba,"2025-11-08 16:53:54",US,companies,default_user,
71,72,Alibaba,"2025-11-08 16:53:54",US,companies,default_user,
72,73,Alibaba,"2025-11-08 16:53:54",US,companies,default_user,
73,74,Google,"2025-11-08 16:53:54",US,companies,default_user,
74,75,Google,"2025-11-08 16:53:54",US,companies,default_user,
75,76,Google,"2025-11-08 16:53:54",US,companies,default_user,
76,77,Google,"2025-11-08 16:53:54",US,companies,default_user,
77,78,Google,"2025-11-08 16:53:54",US,companies,default_user,
78,79,Amazon,"2025-11-08 16:53:54",US,companies,default_user,
79,80,Amazon,"2025-11-08 16:53:54",US,companies,default_user,
80,81,Amazon,"2025-11-08 16:53:54",US,companies,default_user,
81,82,Amazon,"2025-11-08 16:53:54",US,companies,default_user,
82,83,Amazon,"2025-11-08 16:53:54",US,companies,default_user,
83,34,Amazon,"2025-11-08 16:53:54",US,companies,default_user,
84,85,Google,"2025-11-08 16:53:54",US,companies,default_user,
85,86,Google,"2025-11-08 16:53:54",US,companies,default_user,
86,84,Google,"2025-11-08 16:53:54",US,companies,default_user,
87,35,Amazon,"2025-11-08 16:53:54",US,companies,default_user,
88,36,Amazon,"2025-11-08 16:53:54",US,companies,default_user,
89,87,Google,"2025-11-08 16:55:01",US,companies,default_user,
90,88,Google,"2025-11-08 16:55:01",US,companies,default_user,
91,92,Amazon,"2025-11-08 16:55:01",US,companies,default_user,
92,93,Amazon,"2025-11-08 16:55:01",US,companies,default_user,
93,94,Alibaba,"2025-11-08 16:55:01",US,companies,default_user,
94,95,Alibaba,"2025-11-08 16:55:01",US,companies,default_user,
95,96,Alibaba,"2025-11-08 16:55:01",US,companies,default_user,
96,97,Alibaba,"2025-11-08 16:55:01",US,companies,default_user,
97,98,Alibaba,"2025-11-08 16:55:01",US,companies,default_user,
98,99,Google,"2025-11-08 16:55:01",US,companies,default_user,
99,100,Google,"2025-11-08 16:55:01",US,companies,default_user,
100,101,Google,"2025-11-08 16:55:01",US,companies,default_user,
101,102,Google,"2025-11-08 16:55:01",US,companies,default_user,
102,103,Google,"2025-11-08 16:55:01",US,companies,default_user,
103,104,Amazon,"2025-11-08 16:55:01",US,companies,default_user,
104,105,Amazon,"2025-11-08 16:55:01",US,companies,default_user,
105,106,Amazon,"2025-11-08 16:55:01",US,companies,default_user,
106,107,Amazon,"2025-11-08 16:55:01",US,companies,default_user,
107,108,Amazon,"2025-11-08 16:55:01",US,companies,default_user,
108,109,Alibaba,"2025-11-08 16:55:01",US,companies,default_user,
109,110,Alibaba,"2025-11-08 16:55:01",US,companies,default_user,
110,111,Alibaba,"2025-11-08 16:55:01",US,companies,default_user,
111,112,Alibaba,"2025-11-08 16:55:01",US,companies,default_user,
112,113,Alibaba,"2025-11-08 16:55:01",US,companies,default_user,
113,114,Google,"2025-11-08 16:55:01",US,companies,default_user,
114,115,Google,"2025-11-08 16:55:01",US,companies,default_user,
115,116,Google,"2025-11-08 16:55:01",US,companies,default_user,
116,117,Google,"2025-11-08 16:55:01",US,companies,default_user,
117,118,Google,"2025-11-08 16:55:01",US,companies,default_user,
118,119,Amazon,"2025-11-08 16:55:01",US,companies,default_user,
119,120,Amazon,"2025-11-08 16:55:01",US,companies,default_user,
120,121,Amazon,"2025-11-08 16:55:01",US,companies,default_user,
121,122,Amazon,"2025-11-08 16:55:01",US,companies,default_user,
122,123,Amazon,"2025-11-08 16:55:01",US,companies,default_user,
123,124,Alibaba,"2025-11-08 16:55:01",US,companies,default_user,
124,125,Alibaba,"2025-11-08 16:55:01",US,companies,default_user,
125,126,Alibaba,"2025-11-08 16:55:01",US,companies,default_user,
126,127,Alibaba,"2025-11-08 16:55:01",US,companies,default_user,
127,128,Alibaba,"2025-11-08 16:55:01",US,companies,default_user,
128,129,Google,"2025-11-08 16:55:01",US,companies,default_user,
129,130,Google,"2025-11-08 16:55:01",US,companies,default_user,
130,131,Google,"2025-11-08 16:55:01",US,companies,default_user,
131,132,Google,"2025-11-08 16:55:01",US,companies,default_user,
132,133,Google,"2025-11-08 16:55:01",US,companies,default_user,
133,134,Amazon,"2025-11-08 16:55:01",US,companies,default_user,
134,135,Amazon,"2025-11-08 16:55:01",US,companies,default_user,
135,136,Amazon,"2025-11-08 16:55:01",US,companies,default_user,
136,137,Amazon,"2025-11-08 16:55:01",US,companies,default_user,
137,138,Amazon,"2025-11-08 16:55:01",US,companies,default_user,
138,89,Amazon,"2025-11-08 16:55:01",US,companies,default_user,
139,140,Google,"2025-11-08 16:55:01",US,companies,default_user,
140,141,Google,"2025-11-08 16:55:01",US,companies,default_user,
141,139,Google,"2025-11-08 16:55:01",US,companies,default_user,
142,90,Amazon,"2025-11-08 16:55:01",US,companies,default_user,
143,91,Amazon,"2025-11-08 16:55:01",US,companies,default_user,
144,142,Google,"2025-11-08 16:56:54",US,companies,default_user,
145,143,Google,"2025-11-08 16:56:54",US,companies,default_user,
146,147,Amazon,"2025-11-08 16:56:54",US,companies,default_user,
147,148,Amazon,"2025-11-08 16:56:54",US,companies,default_user,
148,149,Alibaba,"2025-11-08 16:56:54",US,companies,default_user,
149,150,Alibaba,"2025-11-08 16:56:54",US,companies,default_user,
150,151,Alibaba,"2025-11-08 16:56:54",US,companies,default_user,
151,152,Alibaba,"2025-11-08 16:56:54",US,companies,default_user,
152,153,Alibaba,"2025-11-08 16:56:54",US,companies,default_user,
153,154,Google,"2025-11-08 16:56:54",US,companies,default_user,
154,155,Google,"2025-11-08 16:56:54",US,companies,default_user,
155,156,Google,"2025-11-08 16:56:54",US,companies,default_user,
156,157,Google,"2025-11-08 16:56:54",US,companies,default_user,
157,158,Google,"2025-11-08 16:56:54",US,companies,default_user,
158,159,Amazon,"2025-11-08 16:56:54",US,companies,default_user,
159,160,Amazon,"2025-11-08 16:56:54",US,companies,default_user,
160,161,Amazon,"2025-11-08 16:56:54",US,companies,default_user,
161,162,Amazon,"2025-11-08 16:56:54",US,companies,default_user,
162,163,Amazon,"2025-11-08 16:56:54",US,companies,default_user,
163,164,Alibaba,"2025-11-08 16:56:54",US,companies,default_user,
164,165,Alibaba,"2025-11-08 16:56:54",US,companies,default_user,
165,166,Alibaba,"2025-11-08 16:56:54",US,companies,default_user,
166,167,Alibaba,"2025-11-08 16:56:54",US,companies,default_user,
167,168,Alibaba,"2025-11-08 16:56:54",US,companies,default_user,
168,169,Google,"2025-11-08 16:56:54",US,companies,default_user,
169,170,Google,"2025-11-08 16:56:54",US,companies,default_user,
170,171,Google,"2025-11-08 16:56:54",US,companies,default_user,
171,172,Google,"2025-11-08 16:56:54",US,companies,default_user,
172,173,Google,"2025-11-08 16:56:54",US,companies,default_user,
173,174,Amazon,"2025-11-08 16:56:54",US,companies,default_user,
174,175,Amazon,"2025-11-08 16:56:54",US,companies,default_user,
175,176,Amazon,"2025-11-08 16:56:54",US,companies,default_user,
176,177,Amazon,"2025-11-08 16:56:54",US,companies,default_user,
177,178,Amazon,"2025-11-08 16:56:54",US,companies,default_user,
178,179,Alibaba,"2025-11-08 16:56:54",US,companies,default_user,
179,180,Alibaba,"2025-11-08 16:56:54",US,companies,default_user,
180,181,Alibaba,"2025-11-08 16:56:54",US,companies,default_user,
181,182,Alibaba,"2025-11-08 16:56:54",US,companies,default_user,
182,183,Alibaba,"2025-11-08 16:56:54",US,companies,default_user,
183,184,Google,"2025-11-08 16:56:54",US,companies,default_user,
184,185,Google,"2025-11-08 16:56:54",US,companies,default_user,
185,186,Google,"2025-11-08 16:56:54",US,companies,default_user,
186,187,Google,"2025-11-08 16:56:54",US,companies,default_user,
187,188,Google,"2025-11-08 16:56:54",US,companies,default_user,
188,189,Amazon,"2025-11-08 16:56:54",US,companies,default_user,
189,190,Amazon,"2025-11-08 16:56:54",US,companies,default_user,
190,191,Amazon,"2025-11-08 16:56:54",US,companies,default_user,
191,192,Amazon,"2025-11-08 16:56:54",US,companies,default_user,
192,193,Amazon,"2025-11-08 16:56:54",US,companies,default_user,
193,144,Amazon,"2025-11-08 16:56:54",US,companies,default_user,
194,195,Google,"2025-11-08 16:56:54",US,companies,default_user,
195,196,Google,"2025-11-08 16:56:54",US,companies,default_user,
196,194,Google,"2025-11-08 16:56:54",US,companies,default_user,
197,145,Amazon,"2025-11-08 16:56:54",US,companies,default_user,
198,146,Amazon,"2025-11-08 16:56:54",US,companies,default_user,
199,197,Google,"2025-11-08 18:01:12",US,companies,default_user,
200,198,Google,"2025-11-08 18:01:12",US,companies,default_user,
201,202,Amazon,"2025-11-08 18:01:12",US,companies,default_user,
202,203,Amazon,"2025-11-08 18:01:12",US,companies,default_user,
203,204,Alibaba,"2025-11-08 18:01:12",US,companies,default_user,
204,205,Alibaba,"2025-11-08 18:01:12",US,companies,default_user,
205,206,Alibaba,"2025-11-08 18:01:12",US,companies,default_user,
206,207,Alibaba,"2025-11-08 18:01:12",US,companies,default_user,
207,208,Alibaba,"2025-11-08 18:01:12",US,companies,default_user,
208,209,Google,"2025-11-08 18:01:12",US,companies,default_user,
209,210,Google,"2025-11-08 18:01:12",US,companies,default_user,
210,211,Google,"2025-11-08 18:01:12",US,companies,default_user,
211,212,Google,"2025-11-08 18:01:12",US,companies,default_user,
212,213,Google,"2025-11-08 18:01:12",US,companies,default_user,
213,214,Amazon,"2025-11-08 18:01:12",US,companies,default_user,
214,215,Amazon,"2025-11-08 18:01:12",US,companies,default_user,
215,216,Amazon,"2025-11-08 18:01:12",US,companies,default_user,
216,217,Amazon,"2025-11-08 18:01:12",US,companies,default_user,
217,218,Amazon,"2025-11-08 18:01:12",US,companies,default_user,
218,219,Alibaba,"2025-11-08 18:01:12",US,companies,default_user,
219,220,Alibaba,"2025-11-08 18:01:12",US,companies,default_user,
220,221,Alibaba,"2025-11-08 18:01:12",US,companies,default_user,
221,222,Alibaba,"2025-11-08 18:01:12",US,companies,default_user,
222,223,Alibaba,"2025-11-08 18:01:12",US,companies,default_user,
223,224,Google,"2025-11-08 18:01:12",US,companies,default_user,
224,225,Google,"2025-11-08 18:01:12",US,companies,default_user,
225,226,Google,"2025-11-08 18:01:12",US,companies,default_user,
226,227,Google,"2025-11-08 18:01:12",US,companies,default_user,
227,228,Google,"2025-11-08 18:01:12",US,companies,default_user,
228,229,Amazon,"2025-11-08 18:01:12",US,companies,default_user,
229,230,Amazon,"2025-11-08 18:01:12",US,companies,default_user,
230,231,Amazon,"2025-11-08 18:01:12",US,companies,default_user,
231,232,Amazon,"2025-11-08 18:01:12",US,companies,default_user,
232,233,Amazon,"2025-11-08 18:01:12",US,companies,default_user,
233,234,Alibaba,"2025-11-08 18:01:12",US,companies,default_user,
234,235,Alibaba,"2025-11-08 18:01:12",US,companies,default_user,
235,236,Alibaba,"2025-11-08 18:01:12",US,companies,default_user,
236,237,Alibaba,"2025-11-08 18:01:12",US,companies,default_user,
237,238,Alibaba,"2025-11-08 18:01:12",US,companies,default_user,
238,239,Google,"2025-11-08 18:01:12",US,companies,default_user,
239,240,Google,"2025-11-08 18:01:12",US,companies,default_user,
240,241,Google,"2025-11-08 18:01:12",US,companies,default_user,
241,242,Google,"2025-11-08 18:01:12",US,companies,default_user,
242,243,Google,"2025-11-08 18:01:12",US,companies,default_user,
243,244,Amazon,"2025-11-08 18:01:12",US,companies,default_user,
244,245,Amazon,"2025-11-08 18:01:12",US,companies,default_user,
245,246,Amazon,"2025-11-08 18:01:12",US,companies,default_user,
246,247,Amazon,"2025-11-08 18:01:12",US,companies,default_user,
247,248,Amazon,"2025-11-08 18:01:12",US,companies,default_user,
248,199,Amazon,"2025-11-08 18:01:12",US,companies,default_user,
249,250,Google,"2025-11-08 18:01:12",US,companies,default_user,
250,251,Google,"2025-11-08 18:01:12",US,companies,default_user,
251,249,Google,"2025-11-08 18:01:12",US,companies,default_user,
252,200,Amazon,"2025-11-08 18:01:12",US,companies,default_user,
253,201,Amazon,"2025-11-08 18:01:12",US,companies,default_user,
254,252,Google,"2025-11-08 18:03:50",US,companies,default_user,
255,253,Google,"2025-11-08 18:03:50",US,companies,default_user,
256,257,Amazon,"2025-11-08 18:03:50",US,companies,default_user,
257,258,Amazon,"2025-11-08 18:03:50",US,companies,default_user,
258,259,Alibaba,"2025-11-08 18:03:50",US,companies,default_user,
259,260,Alibaba,"2025-11-08 18:03:50",US,companies,default_user,
260,261,Alibaba,"2025-11-08 18:03:50",US,companies,default_user,
261,262,Alibaba,"2025-11-08 18:03:50",US,companies,default_user,
262,263,Alibaba,"2025-11-08 18:03:50",US,companies,default_user,
263,264,Google,"2025-11-08 18:03:50",US,companies,default_user,
264,265,Google,"2025-11-08 18:03:50",US,companies,default_user,
265,266,Google,"2025-11-08 18:03:50",US,companies,default_user,
266,267,Google,"2025-11-08 18:03:50",US,companies,default_user,
267,268,Google,"2025-11-08 18:03:50",US,companies,default_user,
268,269,Amazon,"2025-11-08 18:03:50",US,companies,default_user,
269,270,Amazon,"2025-11-08 18:03:50",US,companies,default_user,
270,271,Amazon,"2025-11-08 18:03:50",US,companies,default_user,
271,272,Amazon,"2025-11-08 18:03:50",US,companies,default_user,
272,273,Amazon,"2025-11-08 18:03:50",US,companies,default_user,
273,274,Alibaba,"2025-11-08 18:03:50",US,companies,default_user,
274,275,Alibaba,"2025-11-08 18:03:50",US,companies,default_user,
275,276,Alibaba,"2025-11-08 18:03:50",US,companies,default_user,
276,277,Alibaba,"2025-11-08 18:03:50",US,companies,default_user,
277,278,Alibaba,"2025-11-08 18:03:50",US,companies,default_user,
278,279,Google,"2025-11-08 18:03:50",US,companies,default_user,
279,280,Google,"2025-11-08 18:03:50",US,companies,default_user,
280,281,Google,"2025-11-08 18:03:50",US,companies,default_user,
281,282,Google,"2025-11-08 18:03:50",US,companies,default_user,
282,283,Google,"2025-11-08 18:03:50",US,companies,default_user,
283,284,Amazon,"2025-11-08 18:03:50",US,companies,default_user,
284,285,Amazon,"2025-11-08 18:03:50",US,companies,default_user,
285,286,Amazon,"2025-11-08 18:03:50",US,companies,default_user,
286,287,Amazon,"2025-11-08 18:03:50",US,companies,default_user,
287,288,Amazon,"2025-11-08 18:03:50",US,companies,default_user,
288,289,Alibaba,"2025-11-08 18:03:50",US,companies,default_user,
289,290,Alibaba,"2025-11-08 18:03:50",US,companies,default_user,
290,291,Alibaba,"2025-11-08 18:03:50",US,companies,default_user,
291,292,Alibaba,"2025-11-08 18:03:50",US,companies,default_user,
292,293,Alibaba,"2025-11-08 18:03:50",US,companies,default_user,
293,294,Google,"2025-11-08 18:03:50",US,companies,default_user,
294,295,Google,"2025-11-08 18:03:50",US,companies,default_user,
295,296,Google,"2025-11-08 18:03:50",US,companies,default_user,
296,297,Google,"2025-11-08 18:03:50",US,companies,default_user,
297,298,Google,"2025-11-08 18:03:50",US,companies,default_user,
298,299,Amazon,"2025-11-08 18:03:50",US,companies,default_user,
299,300,Amazon,"2025-11-08 18:03:50",US,companies,default_user,
300,301,Amazon,"2025-11-08 18:03:50",US,companies,default_user,
301,302,Amazon,"2025-11-08 18:03:50",US,companies,default_user,
302,303,Amazon,"2025-11-08 18:03:50",US,companies,default_user,
303,254,Amazon,"2025-11-08 18:03:50",US,companies,default_user,
304,305,Google,"2025-11-08 18:03:50",US,companies,default_user,
305,306,Google,"2025-11-08 18:03:50",US,companies,default_user,
306,304,Google,"2025-11-08 18:03:50",US,companies,default_user,
307,255,Amazon,"2025-11-08 18:03:50",US,companies,default_user,
308,256,Amazon,"2025-11-08 18:03:50",US,companies,default_user,
309,307,Google,"2025-11-08 18:41:31",US,companies,default_user,
310,308,Google,"2025-11-08 18:41:31",US,companies,default_user,
311,312,Amazon,"2025-11-08 18:41:31",US,companies,default_user,
312,313,Amazon,"2025-11-08 18:41:31",US,companies,default_user,
313,314,Alibaba,"2025-11-08 18:41:31",US,companies,default_user,
314,315,Alibaba,"2025-11-08 18:41:31",US,companies,default_user,
315,316,Alibaba,"2025-11-08 18:41:31",US,companies,default_user,
316,317,Alibaba,"2025-11-08 18:41:31",US,companies,default_user,
317,318,Alibaba,"2025-11-08 18:41:31",US,companies,default_user,
318,319,Google,"2025-11-08 18:41:31",US,companies,default_user,
319,320,Google,"2025-11-08 18:41:31",US,companies,default_user,
320,321,Google,"2025-11-08 18:41:31",US,companies,default_user,
321,322,Google,"2025-11-08 18:41:31",US,companies,default_user,
322,323,Google,"2025-11-08 18:41:31",US,companies,default_user,
323,324,Amazon,"2025-11-08 18:41:31",US,companies,default_user,
324,325,Amazon,"2025-11-08 18:41:31",US,companies,default_user,
325,326,Amazon,"2025-11-08 18:41:31",US,companies,default_user,
326,327,Amazon,"2025-11-08 18:41:31",US,companies,default_user,
327,328,Amazon,"2025-11-08 18:41:31",US,companies,default_user,
328,329,Alibaba,"2025-11-08 18:41:31",US,companies,default_user,
329,330,Alibaba,"2025-11-08 18:41:31",US,companies,default_user,
330,331,Alibaba,"2025-11-08 18:41:31",US,companies,default_user,
331,332,Alibaba,"2025-11-08 18:41:31",US,companies,default_user,
332,333,Alibaba,"2025-11-08 18:41:31",US,companies,default_user,
333,334,Google,"2025-11-08 18:41:31",US,companies,default_user,
334,335,Google,"2025-11-08 18:41:31",US,companies,default_user,
335,336,Google,"2025-11-08 18:41:31",US,companies,default_user,
336,337,Google,"2025-11-08 18:41:31",US,companies,default_user,
337,338,Google,"2025-11-08 18:41:31",US,companies,default_user,
338,339,Amazon,"2025-11-08 18:41:31",US,companies,default_user,
339,340,Amazon,"2025-11-08 18:41:31",US,companies,default_user,
340,341,Amazon,"2025-11-08 18:41:31",US,companies,default_user,
341,342,Amazon,"2025-11-08 18:41:31",US,companies,default_user,
342,343,Amazon,"2025-11-08 18:41:31",US,companies,default_user,
343,344,Alibaba,"2025-11-08 18:41:31",US,companies,default_user,
344,345,Alibaba,"2025-11-08 18:41:31",US,companies,default_user,
345,346,Alibaba,"2025-11-08 18:41:31",US,companies,default_user,
346,347,Alibaba,"2025-11-08 18:41:31",US,companies,default_user,
347,348,Alibaba,"2025-11-08 18:41:31",US,companies,default_user,
348,349,Google,"2025-11-08 18:41:31",US,companies,default_user,
349,350,Google,"2025-11-08 18:41:31",US,companies,default_user,
350,351,Google,"2025-11-08 18:41:31",US,companies,default_user,
351,352,Google,"2025-11-08 18:41:31",US,companies,default_user,
352,353,Google,"2025-11-08 18:41:31",US,companies,default_user,
353,354,Amazon,"2025-11-08 18:41:31",US,companies,default_user,
354,355,Amazon,"2025-11-08 18:41:31",US,companies,default_user,
355,356,Amazon,"2025-11-08 18:41:31",US,companies,default_user,
356,357,Amazon,"2025-11-08 18:41:31",US,companies,default_user,
357,358,Amazon,"2025-11-08 18:41:31",US,companies,default_user,
358,309,Amazon,"2025-11-08 18:41:31",US,companies,default_user,
359,360,Google,"2025-11-08 18:41:31",US,companies,default_user,
360,361,Google,"2025-11-08 18:41:31",US,companies,default_user,
361,359,Google,"2025-11-08 18:41:31",US,companies,default_user,
362,310,Amazon,"2025-11-08 18:41:31",US,companies,default_user,
363,311,Amazon,"2025-11-08 18:41:31",US,companies,default_user,
364,362,Google,"2025-11-08 18:44:24",US,companies,default_user,
365,363,Google,"2025-11-08 18:44:24",US,companies,default_user,
366,367,Amazon,"2025-11-08 18:44:24",US,companies,default_user,
367,368,Amazon,"2025-11-08 18:44:24",US,companies,default_user,
368,369,Alibaba,"2025-11-08 18:44:24",US,companies,default_user,
369,370,Alibaba,"2025-11-08 18:44:24",US,companies,default_user,
370,371,Alibaba,"2025-11-08 18:44:24",US,companies,default_user,
371,372,Alibaba,"2025-11-08 18:44:24",US,companies,default_user,
372,373,Alibaba,"2025-11-08 18:44:24",US,companies,default_user,
373,374,Google,"2025-11-08 18:44:24",US,companies,default_user,
374,375,Google,"2025-11-08 18:44:24",US,companies,default_user,
375,376,Google,"2025-11-08 18:44:24",US,companies,default_user,
376,377,Google,"2025-11-08 18:44:24",US,companies,default_user,
377,378,Google,"2025-11-08 18:44:24",US,companies,default_user,
378,379,Amazon,"2025-11-08 18:44:24",US,companies,default_user,
379,380,Amazon,"2025-11-08 18:44:24",US,companies,default_user,
380,381,Amazon,"2025-11-08 18:44:24",US,companies,default_user,
381,382,Amazon,"2025-11-08 18:44:24",US,companies,default_user,
382,383,Amazon,"2025-11-08 18:44:24",US,companies,default_user,
383,384,Alibaba,"2025-11-08 18:44:24",US,companies,default_user,
384,385,Alibaba,"2025-11-08 18:44:24",US,companies,default_user,
385,386,Alibaba,"2025-11-08 18:44:24",US,companies,default_user,
386,387,Alibaba,"2025-11-08 18:44:24",US,companies,default_user,
387,388,Alibaba,"2025-11-08 18:44:24",US,companies,default_user,
388,389,Google,"2025-11-08 18:44:24",US,companies,default_user,
389,390,Google,"2025-11-08 18:44:24",US,companies,default_user,
390,391,Google,"2025-11-08 18:44:24",US,companies,default_user,
391,392,Google,"2025-11-08 18:44:24",US,companies,default_user,
392,393,Google,"2025-11-08 18:44:24",US,companies,default_user,
393,394,Amazon,"2025-11-08 18:44:24",US,companies,default_user,
394,395,Amazon,"2025-11-08 18:44:24",US,companies,default_user,
395,396,Amazon,"2025-11-08 18:44:24",US,companies,default_user,
396,397,Amazon,"2025-11-08 18:44:24",US,companies,default_user,
397,398,Amazon,"2025-11-08 18:44:24",US,companies,default_user,
398,399,Alibaba,"2025-11-08 18:44:24",US,companies,default_user,
399,400,Alibaba,"2025-11-08 18:44:24",US,companies,default_user,
400,401,Alibaba,"2025-11-08 18:44:24",US,companies,default_user,
401,402,Alibaba,"2025-11-08 18:44:24",US,companies,default_user,
402,403,Alibaba,"2025-11-08 18:44:24",US,companies,default_user,
403,404,Google,"2025-11-08 18:44:24",US,companies,default_user,
404,405,Google,"2025-11-08 18:44:24",US,companies,default_user,
405,406,Google,"2025-11-08 18:44:24",US,companies,default_user,
406,407,Google,"2025-11-08 18:44:24",US,companies,default_user,
407,408,Google,"2025-11-08 18:44:24",US,companies,default_user,
408,409,Amazon,"2025-11-08 18:44:24",US,companies,default_user,
409,410,Amazon,"2025-11-08 18:44:24",US,companies,default_user,
410,411,Amazon,"2025-11-08 18:44:24",US,companies,default_user,
411,412,Amazon,"2025-11-08 18:44:24",US,companies,default_user,
412,413,Amazon,"2025-11-08 18:44:24",US,companies,default_user,
413,364,Amazon,"2025-11-08 18:44:24",US,companies,default_user,
414,415,Google,"2025-11-08 18:44:24",US,companies,default_user,
415,416,Google,"2025-11-08 18:44:24",US,companies,default_user,
416,414,Google,"2025-11-08 18:44:24",US,companies,default_user,
417,365,Amazon,"2025-11-08 18:44:24",US,companies,default_user,
418,366,Amazon,"2025-11-08 18:44:24",US,companies,default_user,
419,417,Google,"2025-11-08 18:47:07",US,companies,default_user,
420,419,Amazon,"2025-11-08 18:47:07",US,companies,default_user,
421,422,Amazon,"2025-11-08 18:47:07",US,companies,default_user,
422,423,Amazon,"2025-11-08 18:47:07",US,companies,default_user,
423,424,Alibaba,"2025-11-08 18:47:07",US,companies,default_user,
424,425,Alibaba,"2025-11-08 18:47:07",US,companies,default_user,
425,426,Alibaba,"2025-11-08 18:47:07",US,companies,default_user,
426,427,Alibaba,"2025-11-08 18:47:07",US,companies,default_user,
427,428,Alibaba,"2025-11-08 18:47:07",US,companies,default_user,
428,429,Google,"2025-11-08 18:47:07",US,companies,default_user,
429,430,Google,"2025-11-08 18:47:07",US,companies,default_user,
430,431,Google,"2025-11-08 18:47:07",US,companies,default_user,
431,432,Google,"2025-11-08 18:47:07",US,companies,default_user,
432,433,Google,"2025-11-08 18:47:07",US,companies,default_user,
433,434,Amazon,"2025-11-08 18:47:07",US,companies,default_user,
434,435,Amazon,"2025-11-08 18:47:07",US,companies,default_user,
435,436,Amazon,"2025-11-08 18:47:07",US,companies,default_user,
436,437,Amazon,"2025-11-08 18:47:07",US,companies,default_user,
437,438,Amazon,"2025-11-08 18:47:07",US,companies,default_user,
438,439,Alibaba,"2025-11-08 18:47:07",US,companies,default_user,
439,440,Alibaba,"2025-11-08 18:47:07",US,companies,default_user,
440,441,Alibaba,"2025-11-08 18:47:07",US,companies,default_user,
441,442,Alibaba,"2025-11-08 18:47:07",US,companies,default_user,
442,443,Alibaba,"2025-11-08 18:47:07",US,companies,default_user,
443,444,Google,"2025-11-08 18:47:07",US,companies,default_user,
444,445,Google,"2025-11-08 18:47:07",US,companies,default_user,
445,446,Google,"2025-11-08 18:47:07",US,companies,default_user,
446,447,Google,"2025-11-08 18:47:07",US,companies,default_user,
447,448,Google,"2025-11-08 18:47:07",US,companies,default_user,
448,449,Amazon,"2025-11-08 18:47:07",US,companies,default_user,
449,450,Amazon,"2025-11-08 18:47:07",US,companies,default_user,
450,451,Amazon,"2025-11-08 18:47:07",US,companies,default_user,
451,452,Amazon,"2025-11-08 18:47:07",US,companies,default_user,
452,453,Amazon,"2025-11-08 18:47:07",US,companies,default_user,
453,454,Alibaba,"2025-11-08 18:47:07",US,companies,default_user,
454,455,Alibaba,"2025-11-08 18:47:07",US,companies,default_user,
455,456,Alibaba,"2025-11-08 18:47:07",US,companies,default_user,
456,457,Alibaba,"2025-11-08 18:47:07",US,companies,default_user,
457,458,Alibaba,"2025-11-08 18:47:07",US,companies,default_user,
458,459,Google,"2025-11-08 18:47:07",US,companies,default_user,
459,460,Google,"2025-11-08 18:47:07",US,companies,default_user,
460,461,Google,"2025-11-08 18:47:07",US,companies,default_user,
461,462,Google,"2025-11-08 18:47:07",US,companies,default_user,
462,463,Google,"2025-11-08 18:47:07",US,companies,default_user,
463,464,Amazon,"2025-11-08 18:47:07",US,companies,default_user,
464,465,Amazon,"2025-11-08 18:47:07",US,companies,default_user,
465,466,Amazon,"2025-11-08 18:47:07",US,companies,default_user,
466,467,Amazon,"2025-11-08 18:47:07",US,companies,default_user,
467,468,Amazon,"2025-11-08 18:47:07",US,companies,default_user,
468,420,Amazon,"2025-11-08 18:47:07",US,companies,default_user,
469,470,Google,"2025-11-08 18:47:07",US,companies,default_user,
470,471,Google,"2025-11-08 18:47:07",US,companies,default_user,
471,469,Google,"2025-11-08 18:47:07",US,companies,default_user,
472,418,Google,"2025-11-08 18:47:07",US,companies,default_user,
473,421,Amazon,"2025-11-08 18:47:07",US,companies,default_user,
474,472,Google,"2025-11-08 18:51:17",US,companies,default_user,
475,473,Google,"2025-11-08 18:51:17",US,companies,default_user,
476,477,Amazon,"2025-11-08 18:51:17",US,companies,default_user,
477,478,Amazon,"2025-11-08 18:51:17",US,companies,default_user,
478,479,Alibaba,"2025-11-08 18:51:17",US,companies,default_user,
479,480,Alibaba,"2025-11-08 18:51:17",US,companies,default_user,
480,481,Alibaba,"2025-11-08 18:51:17",US,companies,default_user,
481,482,Alibaba,"2025-11-08 18:51:17",US,companies,default_user,
482,483,Alibaba,"2025-11-08 18:51:17",US,companies,default_user,
483,484,Google,"2025-11-08 18:51:17",US,companies,default_user,
484,485,Google,"2025-11-08 18:51:17",US,companies,default_user,
485,486,Google,"2025-11-08 18:51:17",US,companies,default_user,
486,487,Google,"2025-11-08 18:51:17",US,companies,default_user,
487,488,Google,"2025-11-08 18:51:17",US,companies,default_user,
488,489,Amazon,"2025-11-08 18:51:17",US,companies,default_user,
489,490,Amazon,"2025-11-08 18:51:17",US,companies,default_user,
490,491,Amazon,"2025-11-08 18:51:17",US,companies,default_user,
491,492,Amazon,"2025-11-08 18:51:17",US,companies,default_user,
492,493,Amazon,"2025-11-08 18:51:17",US,companies,default_user,
493,494,Alibaba,"2025-11-08 18:51:17",US,companies,default_user,
494,495,Alibaba,"2025-11-08 18:51:17",US,companies,default_user,
495,496,Alibaba,"2025-11-08 18:51:17",US,companies,default_user,
496,497,Alibaba,"2025-11-08 18:51:17",US,companies,default_user,
497,498,Alibaba,"2025-11-08 18:51:17",US,companies,default_user,
498,499,Google,"2025-11-08 18:51:17",US,companies,default_user,
499,500,Google,"2025-11-08 18:51:17",US,companies,default_user,
500,501,Google,"2025-11-08 18:51:17",US,companies,default_user,
501,502,Google,"2025-11-08 18:51:17",US,companies,default_user,
502,503,Google,"2025-11-08 18:51:17",US,companies,default_user,
503,504,Amazon,"2025-11-08 18:51:17",US,companies,default_user,
504,505,Amazon,"2025-11-08 18:51:17",US,companies,default_user,
505,506,Amazon,"2025-11-08 18:51:17",US,companies,default_user,
506,507,Amazon,"2025-11-08 18:51:17",US,companies,default_user,
507,508,Amazon,"2025-11-08 18:51:17",US,companies,default_user,
508,509,Alibaba,"2025-11-08 18:51:17",US,companies,default_user,
509,510,Alibaba,"2025-11-08 18:51:17",US,companies,default_user,
510,511,Alibaba,"2025-11-08 18:51:17",US,companies,default_user,
511,512,Alibaba,"2025-11-08 18:51:17",US,companies,default_user,
512,513,Alibaba,"2025-11-08 18:51:17",US,companies,default_user,
513,514,Google,"2025-11-08 18:51:17",US,companies,default_user,
514,515,Google,"2025-11-08 18:51:17",US,companies,default_user,
515,516,Google,"2025-11-08 18:51:17",US,companies,default_user,
516,517,Google,"2025-11-08 18:51:17",US,companies,default_user,
517,518,Google,"2025-11-08 18:51:17",US,companies,default_user,
518,519,Amazon,"2025-11-08 18:51:17",US,companies,default_user,
519,520,Amazon,"2025-11-08 18:51:17",US,companies,default_user,
520,521,Amazon,"2025-11-08 18:51:17",US,companies,default_user,
521,522,Amazon,"2025-11-08 18:51:17",US,companies,default_user,
522,523,Amazon,"2025-11-08 18:51:17",US,companies,default_user,
523,474,Amazon,"2025-11-08 18:51:17",US,companies,default_user,
524,525,Google,"2025-11-08 18:51:17",US,companies,default_user,
525,526,Google,"2025-11-08 18:51:17",US,companies,default_user,
526,524,Google,"2025-11-08 18:51:17",US,companies,default_user,
527,475,Amazon,"2025-11-08 18:51:17",US,companies,default_user,
528,476,Amazon,"2025-11-08 18:51:17",US,companies,default_user,
529,527,Google,"2025-11-08 18:59:45",US,companies,default_user,
530,528,Google,"2025-11-08 18:59:45",US,companies,default_user,
531,532,Amazon,"2025-11-08 18:59:45",US,companies,default_user,
532,533,Amazon,"2025-11-08 18:59:45",US,companies,default_user,
533,534,Alibaba,"2025-11-08 18:59:45",US,companies,default_user,
534,535,Alibaba,"2025-11-08 18:59:45",US,companies,default_user,
535,536,Alibaba,"2025-11-08 18:59:45",US,companies,default_user,
536,537,Alibaba,"2025-11-08 18:59:45",US,companies,default_user,
537,538,Alibaba,"2025-11-08 18:59:45",US,companies,default_user,
538,539,Google,"2025-11-08 18:59:45",US,companies,default_user,
539,540,Google,"2025-11-08 18:59:45",US,companies,default_user,
540,541,Google,"2025-11-08 18:59:45",US,companies,default_user,
541,542,Google,"2025-11-08 18:59:45",US,companies,default_user,
542,543,Google,"2025-11-08 18:59:45",US,companies,default_user,
543,544,Amazon,"2025-11-08 18:59:45",US,companies,default_user,
544,545,Amazon,"2025-11-08 18:59:45",US,companies,default_user,
545,546,Amazon,"2025-11-08 18:59:45",US,companies,default_user,
546,547,Amazon,"2025-11-08 18:59:45",US,companies,default_user,
547,548,Amazon,"2025-11-08 18:59:45",US,companies,default_user,
548,549,Alibaba,"2025-11-08 18:59:45",US,companies,default_user,
549,550,Alibaba,"2025-11-08 18:59:45",US,companies,default_user,
550,551,Alibaba,"2025-11-08 18:59:45",US,companies,default_user,
551,552,Alibaba,"2025-11-08 18:59:45",US,companies,default_user,
552,553,Alibaba,"2025-11-08 18:59:45",US,companies,default_user,
553,554,Google,"2025-11-08 18:59:45",US,companies,default_user,
554,555,Google,"2025-11-08 18:59:45",US,companies,default_user,
555,556,Google,"2025-11-08 18:59:45",US,companies,default_user,
556,557,Google,"2025-11-08 18:59:45",US,companies,default_user,
557,558,Google,"2025-11-08 18:59:45",US,companies,default_user,
558,559,Amazon,"2025-11-08 18:59:45",US,companies,default_user,
559,560,Amazon,"2025-11-08 18:59:45",US,companies,default_user,
560,561,Amazon,"2025-11-08 18:59:45",US,companies,default_user,
561,562,Amazon,"2025-11-08 18:59:45",US,companies,default_user,
562,563,Amazon,"2025-11-08 18:59:45",US,companies,default_user,
563,564,Alibaba,"2025-11-08 18:59:45",US,companies,default_user,
564,565,Alibaba,"2025-11-08 18:59:45",US,companies,default_user,
565,566,Alibaba,"2025-11-08 18:59:45",US,companies,default_user,
566,567,Alibaba,"2025-11-08 18:59:45",US,companies,default_user,
567,568,Alibaba,"2025-11-08 18:59:45",US,companies,default_user,
568,569,Google,"2025-11-08 18:59:45",US,companies,default_user,
569,570,Google,"2025-11-08 18:59:45",US,companies,default_user,
570,571,Google,"2025-11-08 18:59:45",US,companies,default_user,
571,572,Google,"2025-11-08 18:59:45",US,companies,default_user,
572,573,Google,"2025-11-08 18:59:45",US,companies,default_user,
573,574,Amazon,"2025-11-08 18:59:45",US,companies,default_user,
574,575,Amazon,"2025-11-08 18:59:45",US,companies,default_user,
575,576,Amazon,"2025-11-08 18:59:45",US,companies,default_user,
576,577,Amazon,"2025-11-08 18:59:45",US,companies,default_user,
577,578,Amazon,"2025-11-08 18:59:45",US,companies,default_user,
578,530,Amazon,"2025-11-08 18:59:45",US,companies,default_user,
579,580,Google,"2025-11-08 18:59:45",US,companies,default_user,
580,581,Google,"2025-11-08 18:59:45",US,companies,default_user,
581,579,Google,"2025-11-08 18:59:45",US,companies,default_user,
582,529,Amazon,"2025-11-08 18:59:45",US,companies,default_user,
583,531,Amazon,"2025-11-08 18:59:45",US,companies,default_user,
584,582,Google,"2025-11-08 19:08:05",US,companies,default_user,
585,583,Google,"2025-11-08 19:08:05",US,companies,default_user,
586,587,Amazon,"2025-11-08 19:08:05",US,companies,default_user,
587,588,Amazon,"2025-11-08 19:08:05",US,companies,default_user,
588,589,Alibaba,"2025-11-08 19:08:05",US,companies,default_user,
589,590,Alibaba,"2025-11-08 19:08:05",US,companies,default_user,
590,591,Alibaba,"2025-11-08 19:08:05",US,companies,default_user,
591,592,Alibaba,"2025-11-08 19:08:05",US,companies,default_user,
592,593,Alibaba,"2025-11-08 19:08:05",US,companies,default_user,
593,594,Google,"2025-11-08 19:08:05",US,companies,default_user,
594,595,Google,"2025-11-08 19:08:05",US,companies,default_user,
595,596,Google,"2025-11-08 19:08:05",US,companies,default_user,
596,597,Google,"2025-11-08 19:08:05",US,companies,default_user,
597,598,Google,"2025-11-08 19:08:05",US,companies,default_user,
598,599,Amazon,"2025-11-08 19:08:05",US,companies,default_user,
599,600,Amazon,"2025-11-08 19:08:05",US,companies,default_user,
600,601,Amazon,"2025-11-08 19:08:05",US,companies,default_user,
601,602,Amazon,"2025-11-08 19:08:05",US,companies,default_user,
602,603,Amazon,"2025-11-08 19:08:05",US,companies,default_user,
603,604,Alibaba,"2025-11-08 19:08:05",US,companies,default_user,
604,605,Alibaba,"2025-11-08 19:08:05",US,companies,default_user,
605,606,Alibaba,"2025-11-08 19:08:05",US,companies,default_user,
606,607,Alibaba,"2025-11-08 19:08:05",US,companies,default_user,
607,608,Alibaba,"2025-11-08 19:08:05",US,companies,default_user,
608,609,Google,"2025-11-08 19:08:05",US,companies,default_user,
609,610,Google,"2025-11-08 19:08:05",US,companies,default_user,
610,611,Google,"2025-11-08 19:08:05",US,companies,default_user,
611,612,Google,"2025-11-08 19:08:05",US,companies,default_user,
612,613,Google,"2025-11-08 19:08:05",US,companies,default_user,
613,614,Amazon,"2025-11-08 19:08:05",US,companies,default_user,
614,615,Amazon,"2025-11-08 19:08:05",US,companies,default_user,
615,616,Amazon,"2025-11-08 19:08:05",US,companies,default_user,
616,617,Amazon,"2025-11-08 19:08:05",US,companies,default_user,
617,618,Amazon,"2025-11-08 19:08:05",US,companies,default_user,
618,619,Alibaba,"2025-11-08 19:08:05",US,companies,default_user,
619,620,Alibaba,"2025-11-08 19:08:05",US,companies,default_user,
620,621,Alibaba,"2025-11-08 19:08:05",US,companies,default_user,
621,622,Alibaba,"2025-11-08 19:08:05",US,companies,default_user,
622,623,Alibaba,"2025-11-08 19:08:05",US,companies,default_user,
623,624,Google,"2025-11-08 19:08:05",US,companies,default_user,
624,625,Google,"2025-11-08 19:08:05",US,companies,default_user,
625,626,Google,"2025-11-08 19:08:05",US,companies,default_user,
626,627,Google,"2025-11-08 19:08:05",US,companies,default_user,
627,628,Google,"2025-11-08 19:08:05",US,companies,default_user,
628,629,Amazon,"2025-11-08 19:08:05",US,companies,default_user,
629,630,Amazon,"2025-11-08 19:08:05",US,companies,default_user,
630,631,Amazon,"2025-11-08 19:08:05",US,companies,default_user,
631,632,Amazon,"2025-11-08 19:08:05",US,companies,default_user,
632,633,Amazon,"2025-11-08 19:08:05",US,companies,default_user,
633,584,Amazon,"2025-11-08 19:08:05",US,companies,default_user,
634,635,Google,"2025-11-08 19:08:05",US,companies,default_user,
635,636,Google,"2025-11-08 19:08:05",US,companies,default_user,
636,634,Google,"2025-11-08 19:08:05",US,companies,default_user,
637,585,Amazon,"2025-11-08 19:08:05",US,companies,default_user,
638,586,Amazon,"2025-11-08 19:08:05",US,companies,default_user,
639,637,Google,"2025-11-08 19:22:49",US,companies,default_user,
640,638,Google,"2025-11-08 19:22:49",US,companies,default_user,
641,642,Amazon,"2025-11-08 19:22:49",US,companies,default_user,
642,643,Amazon,"2025-11-08 19:22:49",US,companies,default_user,
643,644,Alibaba,"2025-11-08 19:22:49",US,companies,default_user,
644,645,Alibaba,"2025-11-08 19:22:49",US,companies,default_user,
645,646,Alibaba,"2025-11-08 19:22:49",US,companies,default_user,
646,647,Alibaba,"2025-11-08 19:22:49",US,companies,default_user,
647,648,Alibaba,"2025-11-08 19:22:49",US,companies,default_user,
648,649,Google,"2025-11-08 19:22:49",US,companies,default_user,
649,650,Google,"2025-11-08 19:22:49",US,companies,default_user,
650,651,Google,"2025-11-08 19:22:49",US,companies,default_user,
651,652,Google,"2025-11-08 19:22:49",US,companies,default_user,
652,653,Google,"2025-11-08 19:22:49",US,companies,default_user,
653,654,Amazon,"2025-11-08 19:22:49",US,companies,default_user,
654,655,Amazon,"2025-11-08 19:22:49",US,companies,default_user,
655,656,Amazon,"2025-11-08 19:22:49",US,companies,default_user,
656,657,Amazon,"2025-11-08 19:22:49",US,companies,default_user,
657,658,Amazon,"2025-11-08 19:22:49",US,companies,default_user,
658,659,Alibaba,"2025-11-08 19:22:49",US,companies,default_user,
659,660,Alibaba,"2025-11-08 19:22:49",US,companies,default_user,
660,661,Alibaba,"2025-11-08 19:22:49",US,companies,default_user,
661,662,Alibaba,"2025-11-08 19:22:49",US,companies,default_user,
662,663,Alibaba,"2025-11-08 19:22:49",US,companies,default_user,
663,664,Google,"2025-11-08 19:22:49",US,companies,default_user,
664,665,Google,"2025-11-08 19:22:49",US,companies,default_user,
665,666,Google,"2025-11-08 19:22:49",US,companies,default_user,
666,667,Google,"2025-11-08 19:22:49",US,companies,default_user,
667,668,Google,"2025-11-08 19:22:49",US,companies,default_user,
668,669,Amazon,"2025-11-08 19:22:49",US,companies,default_user,
669,670,Amazon,"2025-11-08 19:22:49",US,companies,default_user,
670,671,Amazon,"2025-11-08 19:22:49",US,companies,default_user,
671,672,Amazon,"2025-11-08 19:22:49",US,companies,default_user,
672,673,Amazon,"2025-11-08 19:22:49",US,companies,default_user,
673,674,Alibaba,"2025-11-08 19:22:49",US,companies,default_user,
674,675,Alibaba,"2025-11-08 19:22:49",US,companies,default_user,
675,676,Alibaba,"2025-11-08 19:22:49",US,companies,default_user,
676,677,Alibaba,"2025-11-08 19:22:49",US,companies,default_user,
677,678,Alibaba,"2025-11-08 19:22:49",US,companies,default_user,
678,679,Google,"2025-11-08 19:22:49",US,companies,default_user,
679,680,Google,"2025-11-08 19:22:49",US,companies,default_user,
680,681,Google,"2025-11-08 19:22:49",US,companies,default_user,
681,682,Google,"2025-11-08 19:22:49",US,companies,default_user,
682,683,Google,"2025-11-08 19:22:49",US,companies,default_user,
683,684,Amazon,"2025-11-08 19:22:49",US,companies,default_user,
684,685,Amazon,"2025-11-08 19:22:49",US,companies,default_user,
685,686,Amazon,"2025-11-08 19:22:49",US,companies,default_user,
686,687,Amazon,"2025-11-08 19:22:49",US,companies,default_user,
687,688,Amazon,"2025-11-08 19:22:49",US,companies,default_user,
688,639,Amazon,"2025-11-08 19:22:49",US,companies,default_user,
689,690,Google,"2025-11-08 19:22:49",US,companies,default_user,
690,691,Google,"2025-11-08 19:22:49",US,companies,default_user,
691,689,Google,"2025-11-08 19:22:49",US,companies,default_user,
692,640,Amazon,"2025-11-08 19:22:49",US,companies,default_user,
693,641,Amazon,"2025-11-08 19:22:49",US,companies,default_user,
694,692,Google,"2025-11-08 20:03:20",US,companies,default_user,
695,693,Google,"2025-11-08 20:03:20",US,companies,default_user,
696,697,Amazon,"2025-11-08 20:03:20",US,companies,default_user,
697,698,Amazon,"2025-11-08 20:03:20",US,companies,default_user,
698,699,Alibaba,"2025-11-08 20:03:20",US,companies,default_user,
699,700,Alibaba,"2025-11-08 20:03:20",US,companies,default_user,
700,701,Alibaba,"2025-11-08 20:03:20",US,companies,default_user,
701,702,Alibaba,"2025-11-08 20:03:20",US,companies,default_user,
702,703,Alibaba,"2025-11-08 20:03:20",US,companies,default_user,
703,704,Google,"2025-11-08 20:03:20",US,companies,default_user,
704,705,Google,"2025-11-08 20:03:20",US,companies,default_user,
705,706,Google,"2025-11-08 20:03:20",US,companies,default_user,
706,707,Google,"2025-11-08 20:03:20",US,companies,default_user,
707,708,Google,"2025-11-08 20:03:20",US,companies,default_user,
708,709,Amazon,"2025-11-08 20:03:20",US,companies,default_user,
709,710,Amazon,"2025-11-08 20:03:20",US,companies,default_user,
710,711,Amazon,"2025-11-08 20:03:20",US,companies,default_user,
711,712,Amazon,"2025-11-08 20:03:20",US,companies,default_user,
712,713,Amazon,"2025-11-08 20:03:20",US,companies,default_user,
713,714,Alibaba,"2025-11-08 20:03:20",US,companies,default_user,
714,715,Alibaba,"2025-11-08 20:03:20",US,companies,default_user,
715,716,Alibaba,"2025-11-08 20:03:20",US,companies,default_user,
716,717,Alibaba,"2025-11-08 20:03:20",US,companies,default_user,
717,718,Alibaba,"2025-11-08 20:03:20",US,companies,default_user,
718,719,Google,"2025-11-08 20:03:20",US,companies,default_user,
719,720,Google,"2025-11-08 20:03:20",US,companies,default_user,
720,721,Google,"2025-11-08 20:03:20",US,companies,default_user,
721,722,Google,"2025-11-08 20:03:20",US,companies,default_user,
722,723,Google,"2025-11-08 20:03:20",US,companies,default_user,
723,724,Amazon,"2025-11-08 20:03:20",US,companies,default_user,
724,725,Amazon,"2025-11-08 20:03:20",US,companies,default_user,
725,726,Amazon,"2025-11-08 20:03:20",US,companies,default_user,
726,727,Amazon,"2025-11-08 20:03:20",US,companies,default_user,
727,728,Amazon,"2025-11-08 20:03:20",US,companies,default_user,
728,729,Alibaba,"2025-11-08 20:03:20",US,companies,default_user,
729,695,Amazon,"2025-11-08 20:03:20",US,companies,default_user,
730,731,Alibaba,"2025-11-08 20:03:20",US,companies,default_user,
731,732,Alibaba,"2025-11-08 20:03:20",US,companies,default_user,
732,733,Alibaba,"2025-11-08 20:03:20",US,companies,default_user,
733,734,Google,"2025-11-08 20:03:20",US,companies,default_user,
734,735,Google,"2025-11-08 20:03:20",US,companies,default_user,
735,736,Google,"2025-11-08 20:03:20",US,companies,default_user,
736,737,Google,"2025-11-08 20:03:20",US,companies,default_user,
737,738,Google,"2025-11-08 20:03:20",US,companies,default_user,
738,739,Amazon,"2025-11-08 20:03:20",US,companies,default_user,
739,740,Amazon,"2025-11-08 20:03:20",US,companies,default_user,
740,741,Amazon,"2025-11-08 20:03:20",US,companies,default_user,
741,742,Amazon,"2025-11-08 20:03:20",US,companies,default_user,
742,743,Amazon,"2025-11-08 20:03:20",US,companies,default_user,
743,744,"Apple Inc","2025-11-08 20:03:20",US,companies,default_user,
744,745,Google,"2025-11-08 20:03:20",US,companies,default_user,
745,746,Amazon,"2025-11-08 20:03:20",US,companies,default_user,
746,747,Alibaba,"2025-11-08 20:03:20",US,companies,default_user,
747,694,Amazon,"2025-11-08 20:03:20",US,companies,default_user,
748,749,Google,"2025-11-08 20:03:20",US,companies,default_user,
749,750,Google,"2025-11-08 20:03:20",US,companies,default_user,
750,748,Google,"2025-11-08 20:03:20",US,companies,default_user,
751,730,Alibaba,"2025-11-08 20:03:20",US,companies,default_user,
752,696,Amazon,"2025-11-08 20:03:20",US,companies,default_user,
753,751,Google,"2025-11-08 23:23:16",US,companies,default_user,
754,752,Google,"2025-11-08 23:23:16",US,companies,default_user,
755,756,Amazon,"2025-11-08 23:23:16",US,companies,default_user,
756,757,Amazon,"2025-11-08 23:23:16",US,companies,default_user,
757,758,Alibaba,"2025-11-08 23:23:16",US,companies,default_user,
758,759,Alibaba,"2025-11-08 23:23:16",US,companies,default_user,
759,760,Alibaba,"2025-11-08 23:23:16",US,companies,default_user,
760,761,Alibaba,"2025-11-08 23:23:16",US,companies,default_user,
761,762,Alibaba,"2025-11-08 23:23:16",US,companies,default_user,
762,763,Google,"2025-11-08 23:23:16",US,companies,default_user,
763,764,Google,"2025-11-08 23:23:16",US,companies,default_user,
764,765,Google,"2025-11-08 23:23:16",US,companies,default_user,
765,766,Google,"2025-11-08 23:23:16",US,companies,default_user,
766,767,Google,"2025-11-08 23:23:16",US,companies,default_user,
767,768,Amazon,"2025-11-08 23:23:16",US,companies,default_user,
768,769,Amazon,"2025-11-08 23:23:16",US,companies,default_user,
769,770,Amazon,"2025-11-08 23:23:16",US,companies,default_user,
770,771,Amazon,"2025-11-08 23:23:16",US,companies,default_user,
771,772,Amazon,"2025-11-08 23:23:16",US,companies,default_user,
772,773,Alibaba,"2025-11-08 23:23:16",US,companies,default_user,
773,774,Alibaba,"2025-11-08 23:23:16",US,companies,default_user,
774,775,Alibaba,"2025-11-08 23:23:16",US,companies,default_user,
775,776,Alibaba,"2025-11-08 23:23:16",US,companies,default_user,
776,777,Alibaba,"2025-11-08 23:23:16",US,companies,default_user,
777,778,Google,"2025-11-08 23:23:16",US,companies,default_user,
778,779,Google,"2025-11-08 23:23:16",US,companies,default_user,
779,780,Google,"2025-11-08 23:23:16",US,companies,default_user,
780,781,Google,"2025-11-08 23:23:16",US,companies,default_user,
781,782,Google,"2025-11-08 23:23:16",US,companies,default_user,
782,783,Amazon,"2025-11-08 23:23:16",US,companies,default_user,
783,784,Amazon,"2025-11-08 23:23:16",US,companies,default_user,
784,785,Amazon,"2025-11-08 23:23:16",US,companies,default_user,
785,786,Amazon,"2025-11-08 23:23:16",US,companies,default_user,
786,787,Amazon,"2025-11-08 23:23:16",US,companies,default_user,
787,788,Alibaba,"2025-11-08 23:23:16",US,companies,default_user,
788,789,Alibaba,"2025-11-08 23:23:16",US,companies,default_user,
789,790,Alibaba,"2025-11-08 23:23:16",US,companies,default_user,
790,791,Alibaba,"2025-11-08 23:23:16",US,companies,default_user,
791,792,Alibaba,"2025-11-08 23:23:16",US,companies,default_user,
792,793,Google,"2025-11-08 23:23:16",US,companies,default_user,
793,794,Google,"2025-11-08 23:23:16",US,companies,default_user,
794,795,Google,"2025-11-08 23:23:16",US,companies,default_user,
795,796,Google,"2025-11-08 23:23:16",US,companies,default_user,
796,797,Google,"2025-11-08 23:23:16",US,companies,default_user,
797,798,Amazon,"2025-11-08 23:23:16",US,companies,default_user,
798,799,Amazon,"2025-11-08 23:23:16",US,companies,default_user,
799,800,Amazon,"2025-11-08 23:23:16",US,companies,default_user,
800,801,Amazon,"2025-11-08 23:23:16",US,companies,default_user,
801,802,Amazon,"2025-11-08 23:23:16",US,companies,default_user,
802,803,"Apple Inc","2025-11-08 23:23:16",US,companies,default_user,
803,804,Google,"2025-11-08 23:23:16",US,companies,default_user,
804,805,Amazon,"2025-11-08 23:23:16",US,companies,default_user,
805,806,Alibaba,"2025-11-08 23:23:16",US,companies,default_user,
806,807,Google,"2025-11-08 23:23:16",US,companies,default_user,
807,808,Google,"2025-11-08 23:23:16",US,companies,default_user,
808,809,Google,"2025-11-08 23:23:16",US,companies,default_user,
809,753,Amazon,"2025-11-08 23:23:16",US,companies,default_user,
810,754,Amazon,"2025-11-08 23:23:16",US,companies,default_user,
811,755,Amazon,"2025-11-08 23:23:16",US,companies,default_user,
812,810,Google,"2025-11-09 06:45:53",US,companies,default_user,
813,814,Amazon,"2025-11-09 06:45:53",US,companies,default_user,
814,815,Amazon,"2025-11-09 06:45:53",US,companies,default_user,
815,816,Amazon,"2025-11-09 06:45:53",US,companies,default_user,
816,817,Alibaba,"2025-11-09 06:45:53",US,companies,default_user,
817,818,Alibaba,"2025-11-09 06:45:53",US,companies,default_user,
818,819,Alibaba,"2025-11-09 06:45:53",US,companies,default_user,
819,820,Alibaba,"2025-11-09 06:45:53",US,companies,default_user,
820,821,Alibaba,"2025-11-09 06:45:53",US,companies,default_user,
821,822,Google,"2025-11-09 06:45:53",US,companies,default_user,
822,823,Google,"2025-11-09 06:45:53",US,companies,default_user,
823,824,Google,"2025-11-09 06:45:53",US,companies,default_user,
824,825,Google,"2025-11-09 06:45:53",US,companies,default_user,
825,826,Google,"2025-11-09 06:45:53",US,companies,default_user,
826,827,Amazon,"2025-11-09 06:45:53",US,companies,default_user,
827,828,Amazon,"2025-11-09 06:45:53",US,companies,default_user,
828,829,Amazon,"2025-11-09 06:45:53",US,companies,default_user,
829,830,Amazon,"2025-11-09 06:45:53",US,companies,default_user,
830,831,Amazon,"2025-11-09 06:45:53",US,companies,default_user,
831,832,Alibaba,"2025-11-09 06:45:53",US,companies,default_user,
832,833,Alibaba,"2025-11-09 06:45:53",US,companies,default_user,
833,834,Alibaba,"2025-11-09 06:45:53",US,companies,default_user,
834,835,Alibaba,"2025-11-09 06:45:53",US,companies,default_user,
835,836,Alibaba,"2025-11-09 06:45:53",US,companies,default_user,
836,837,Google,"2025-11-09 06:45:53",US,companies,default_user,
837,838,Google,"2025-11-09 06:45:53",US,companies,default_user,
838,839,Google,"2025-11-09 06:45:53",US,companies,default_user,
839,840,Google,"2025-11-09 06:45:53",US,companies,default_user,
840,841,Google,"2025-11-09 06:45:53",US,companies,default_user,
841,842,Amazon,"2025-11-09 06:45:53",US,companies,default_user,
842,843,Amazon,"2025-11-09 06:45:53",US,companies,default_user,
843,844,Amazon,"2025-11-09 06:45:53",US,companies,default_user,
844,845,Amazon,"2025-11-09 06:45:53",US,companies,default_user,
845,846,Amazon,"2025-11-09 06:45:53",US,companies,default_user,
846,847,Alibaba,"2025-11-09 06:45:53",US,companies,default_user,
847,848,Alibaba,"2025-11-09 06:45:53",US,companies,default_user,
848,849,Alibaba,"2025-11-09 06:45:53",US,companies,default_user,
849,850,Alibaba,"2025-11-09 06:45:53",US,companies,default_user,
850,851,Alibaba,"2025-11-09 06:45:53",US,companies,default_user,
851,852,Google,"2025-11-09 06:45:53",US,companies,default_user,
852,853,Google,"2025-11-09 06:45:53",US,companies,default_user,
853,854,Google,"2025-11-09 06:45:53",US,companies,default_user,
854,855,Google,"2025-11-09 06:45:53",US,companies,default_user,
855,856,Google,"2025-11-09 06:45:53",US,companies,default_user,
856,857,Amazon,"2025-11-09 06:45:53",US,companies,default_user,
857,858,Amazon,"2025-11-09 06:45:53",US,companies,default_user,
858,859,Amazon,"2025-11-09 06:45:53",US,companies,default_user,
859,860,Amazon,"2025-11-09 06:45:53",US,companies,default_user,
860,861,Amazon,"2025-11-09 06:45:53",US,companies,default_user,
861,862,"Apple Inc","2025-11-09 06:45:53",US,companies,default_user,
862,863,Google,"2025-11-09 06:45:53",US,companies,default_user,
863,864,Amazon,"2025-11-09 06:45:53",US,companies,default_user,
864,865,Alibaba,"2025-11-09 06:45:53",US,companies,default_user,
865,866,Google,"2025-11-09 06:45:53",US,companies,default_user,
866,867,Google,"2025-11-09 06:45:53",US,companies,default_user,
867,868,Google,"2025-11-09 06:45:53",US,companies,default_user,
868,812,Amazon,"2025-11-09 06:45:53",US,companies,default_user,
869,811,Google,"2025-11-09 06:45:53",US,companies,default_user,
870,813,Amazon,"2025-11-09 06:45:53",US,companies,default_user,
871,869,Google,"2025-11-09 08:13:09",US,companies,default_user,
872,870,Google,"2025-11-09 08:13:09",US,companies,default_user,
873,874,Amazon,"2025-11-09 08:13:09",US,companies,default_user,
874,875,Amazon,"2025-11-09 08:13:09",US,companies,default_user,
875,876,Alibaba,"2025-11-09 08:13:09",US,companies,default_user,
876,877,Alibaba,"2025-11-09 08:13:09",US,companies,default_user,
877,878,Alibaba,"2025-11-09 08:13:09",US,companies,default_user,
878,879,Alibaba,"2025-11-09 08:13:09",US,companies,default_user,
879,880,Alibaba,"2025-11-09 08:13:09",US,companies,default_user,
880,881,Google,"2025-11-09 08:13:09",US,companies,default_user,
881,882,Google,"2025-11-09 08:13:09",US,companies,default_user,
882,883,Google,"2025-11-09 08:13:09",US,companies,default_user,
883,884,Google,"2025-11-09 08:13:09",US,companies,default_user,
884,885,Google,"2025-11-09 08:13:09",US,companies,default_user,
885,886,Amazon,"2025-11-09 08:13:09",US,companies,default_user,
886,887,Amazon,"2025-11-09 08:13:09",US,companies,default_user,
887,888,Amazon,"2025-11-09 08:13:09",US,companies,default_user,
888,889,Amazon,"2025-11-09 08:13:09",US,companies,default_user,
889,890,Amazon,"2025-11-09 08:13:09",US,companies,default_user,
890,891,Alibaba,"2025-11-09 08:13:09",US,companies,default_user,
891,892,Alibaba,"2025-11-09 08:13:09",US,companies,default_user,
892,893,Alibaba,"2025-11-09 08:13:09",US,companies,default_user,
893,894,Alibaba,"2025-11-09 08:13:09",US,companies,default_user,
894,895,Alibaba,"2025-11-09 08:13:09",US,companies,default_user,
895,896,Google,"2025-11-09 08:13:09",US,companies,default_user,
896,897,Google,"2025-11-09 08:13:09",US,companies,default_user,
897,898,Google,"2025-11-09 08:13:09",US,companies,default_user,
898,899,Google,"2025-11-09 08:13:09",US,companies,default_user,
899,900,Google,"2025-11-09 08:13:09",US,companies,default_user,
900,901,Amazon,"2025-11-09 08:13:09",US,companies,default_user,
901,902,Amazon,"2025-11-09 08:13:09",US,companies,default_user,
902,903,Amazon,"2025-11-09 08:13:09",US,companies,default_user,
903,904,Amazon,"2025-11-09 08:13:09",US,companies,default_user,
904,905,Amazon,"2025-11-09 08:13:09",US,companies,default_user,
905,906,Alibaba,"2025-11-09 08:13:09",US,companies,default_user,
906,907,Alibaba,"2025-11-09 08:13:09",US,companies,default_user,
907,908,Alibaba,"2025-11-09 08:13:09",US,companies,default_user,
908,909,Alibaba,"2025-11-09 08:13:09",US,companies,default_user,
909,910,Alibaba,"2025-11-09 08:13:09",US,companies,default_user,
910,911,Google,"2025-11-09 08:13:09",US,companies,default_user,
911,912,Google,"2025-11-09 08:13:09",US,companies,default_user,
912,913,Google,"2025-11-09 08:13:09",US,companies,default_user,
913,914,Google,"2025-11-09 08:13:09",US,companies,default_user,
914,915,Google,"2025-11-09 08:13:09",US,companies,default_user,
915,916,Amazon,"2025-11-09 08:13:09",US,companies,default_user,
916,917,Amazon,"2025-11-09 08:13:09",US,companies,default_user,
917,918,Amazon,"2025-11-09 08:13:09",US,companies,default_user,
918,919,Amazon,"2025-11-09 08:13:09",US,companies,default_user,
919,920,Amazon,"2025-11-09 08:13:09",US,companies,default_user,
920,921,"Apple Inc","2025-11-09 08:13:09",US,companies,default_user,
921,922,Google,"2025-11-09 08:13:09",US,companies,default_user,
922,923,Amazon,"2025-11-09 08:13:09",US,companies,default_user,
923,924,Alibaba,"2025-11-09 08:13:09",US,companies,default_user,
924,871,Amazon,"2025-11-09 08:13:09",US,companies,default_user,
925,926,Google,"2025-11-09 08:13:09",US,companies,default_user,
926,927,Google,"2025-11-09 08:13:09",US,companies,default_user,
927,925,Google,"2025-11-09 08:13:09",US,companies,default_user,
928,872,Amazon,"2025-11-09 08:13:09",US,companies,default_user,
929,873,Amazon,"2025-11-09 08:13:09",US,companies,default_user,
930,928,Google,"2025-11-09 10:01:42",US,companies,default_user,
931,930,Amazon,"2025-11-09 10:01:42",US,companies,default_user,
932,933,Amazon,"2025-11-09 10:01:42",US,companies,default_user,
933,934,Amazon,"2025-11-09 10:01:42",US,companies,default_user,
934,935,Alibaba,"2025-11-09 10:01:42",US,companies,default_user,
935,936,Alibaba,"2025-11-09 10:01:42",US,companies,default_user,
936,937,Alibaba,"2025-11-09 10:01:42",US,companies,default_user,
937,938,Alibaba,"2025-11-09 10:01:42",US,companies,default_user,
938,939,Alibaba,"2025-11-09 10:01:42",US,companies,default_user,
939,940,Google,"2025-11-09 10:01:42",US,companies,default_user,
940,941,Google,"2025-11-09 10:01:42",US,companies,default_user,
941,942,Google,"2025-11-09 10:01:42",US,companies,default_user,
942,943,Google,"2025-11-09 10:01:42",US,companies,default_user,
943,944,Google,"2025-11-09 10:01:42",US,companies,default_user,
944,945,Amazon,"2025-11-09 10:01:42",US,companies,default_user,
945,946,Amazon,"2025-11-09 10:01:42",US,companies,default_user,
946,947,Amazon,"2025-11-09 10:01:42",US,companies,default_user,
947,948,Amazon,"2025-11-09 10:01:42",US,companies,default_user,
948,949,Amazon,"2025-11-09 10:01:42",US,companies,default_user,
949,950,Alibaba,"2025-11-09 10:01:42",US,companies,default_user,
950,951,Alibaba,"2025-11-09 10:01:42",US,companies,default_user,
951,952,Alibaba,"2025-11-09 10:01:42",US,companies,default_user,
952,953,Alibaba,"2025-11-09 10:01:42",US,companies,default_user,
953,954,Alibaba,"2025-11-09 10:01:42",US,companies,default_user,
954,955,Google,"2025-11-09 10:01:42",US,companies,default_user,
955,956,Google,"2025-11-09 10:01:42",US,companies,default_user,
956,957,Google,"2025-11-09 10:01:42",US,companies,default_user,
957,958,Google,"2025-11-09 10:01:42",US,companies,default_user,
958,959,Google,"2025-11-09 10:01:42",US,companies,default_user,
959,960,Amazon,"2025-11-09 10:01:42",US,companies,default_user,
960,961,Amazon,"2025-11-09 10:01:42",US,companies,default_user,
961,962,Amazon,"2025-11-09 10:01:42",US,companies,default_user,
962,963,Amazon,"2025-11-09 10:01:42",US,companies,default_user,
963,964,Amazon,"2025-11-09 10:01:42",US,companies,default_user,
964,965,Alibaba,"2025-11-09 10:01:42",US,companies,default_user,
965,966,Alibaba,"2025-11-09 10:01:42",US,companies,default_user,
966,967,Alibaba,"2025-11-09 10:01:42",US,companies,default_user,
967,968,Alibaba,"2025-11-09 10:01:42",US,companies,default_user,
968,969,Alibaba,"2025-11-09 10:01:42",US,companies,default_user,
969,970,Google,"2025-11-09 10:01:42",US,companies,default_user,
970,971,Google,"2025-11-09 10:01:42",US,companies,default_user,
971,972,Google,"2025-11-09 10:01:42",US,companies,default_user,
972,973,Google,"2025-11-09 10:01:42",US,companies,default_user,
973,974,Google,"2025-11-09 10:01:42",US,companies,default_user,
974,975,Amazon,"2025-11-09 10:01:42",US,companies,default_user,
975,976,Amazon,"2025-11-09 10:01:42",US,companies,default_user,
976,977,Amazon,"2025-11-09 10:01:42",US,companies,default_user,
977,978,Amazon,"2025-11-09 10:01:42",US,companies,default_user,
978,979,Amazon,"2025-11-09 10:01:42",US,companies,default_user,
979,980,"Apple Inc","2025-11-09 10:01:42",US,companies,default_user,
980,981,Google,"2025-11-09 10:01:42",US,companies,default_user,
981,982,Amazon,"2025-11-09 10:01:42",US,companies,default_user,
982,983,Alibaba,"2025-11-09 10:01:42",US,companies,default_user,
983,929,Google,"2025-11-09 10:01:42",US,companies,default_user,
984,985,Google,"2025-11-09 10:01:42",US,companies,default_user,
985,986,Google,"2025-11-09 10:01:42",US,companies,default_user,
986,984,Google,"2025-11-09 10:01:42",US,companies,default_user,
987,931,Amazon,"2025-11-09 10:01:42",US,companies,default_user,
988,932,Amazon,"2025-11-09 10:01:42",US,companies,default_user,
989,987,Google,"2025-11-09 11:50:47",US,companies,default_user,
990,989,Amazon,"2025-11-09 11:50:47",US,companies,default_user,
991,988,Google,"2025-11-09 11:50:47",US,companies,default_user,
992,990,Amazon,"2025-11-09 11:50:47",US,companies,default_user,
993,994,Alibaba,"2025-11-09 11:50:47",US,companies,default_user,
994,995,Alibaba,"2025-11-09 11:50:47",US,companies,default_user,
995,996,Alibaba,"2025-11-09 11:50:47",US,companies,default_user,
996,997,Alibaba,"2025-11-09 11:50:47",US,companies,default_user,
997,998,Alibaba,"2025-11-09 11:50:47",US,companies,default_user,
998,999,Google,"2025-11-09 11:50:47",US,companies,default_user,
999,1000,Google,"2025-11-09 11:50:47",US,companies,default_user,
1000,1001,Google,"2025-11-09 11:50:47",US,companies,default_user,
1001,1002,Google,"2025-11-09 11:50:47",US,companies,default_user,
1002,1003,Google,"2025-11-09 11:50:47",US,companies,default_user,
1003,1004,Amazon,"2025-11-09 11:50:47",US,companies,default_user,
1004,1005,Amazon,"2025-11-09 11:50:47",US,companies,default_user,
1005,1006,Amazon,"2025-11-09 11:50:47",US,companies,default_user,
1006,1007,Amazon,"2025-11-09 11:50:47",US,companies,default_user,
1007,1008,Amazon,"2025-11-09 11:50:47",US,companies,default_user,
1008,1009,Alibaba,"2025-11-09 11:50:47",US,companies,default_user,
1009,1010,Alibaba,"2025-11-09 11:50:47",US,companies,default_user,
1010,1011,Alibaba,"2025-11-09 11:50:47",US,companies,default_user,
1011,1012,Alibaba,"2025-11-09 11:50:47",US,companies,default_user,
1012,1013,Alibaba,"2025-11-09 11:50:47",US,companies,default_user,
1013,1014,Google,"2025-11-09 11:50:47",US,companies,default_user,
1014,1015,Google,"2025-11-09 11:50:47",US,companies,default_user,
1015,1016,Google,"2025-11-09 11:50:47",US,companies,default_user,
1016,1017,Google,"2025-11-09 11:50:47",US,companies,default_user,
1017,1018,Google,"2025-11-09 11:50:47",US,companies,default_user,
1018,1019,Amazon,"2025-11-09 11:50:47",US,companies,default_user,
1019,1020,Amazon,"2025-11-09 11:50:47",US,companies,default_user,
1020,1021,Amazon,"2025-11-09 11:50:47",US,companies,default_user,
1021,1022,Amazon,"2025-11-09 11:50:47",US,companies,default_user,
1022,1023,Amazon,"2025-11-09 11:50:47",US,companies,default_user,
1023,1024,Alibaba,"2025-11-09 11:50:47",US,companies,default_user,
1024,1025,Alibaba,"2025-11-09 11:50:47",US,companies,default_user,
1025,1026,Alibaba,"2025-11-09 11:50:47",US,companies,default_user,
1026,1027,Alibaba,"2025-11-09 11:50:47",US,companies,default_user,
1027,1028,Alibaba,"2025-11-09 11:50:47",US,companies,default_user,
1028,1029,Google,"2025-11-09 11:50:47",US,companies,default_user,
1029,1030,Google,"2025-11-09 11:50:47",US,companies,default_user,
1030,1031,Google,"2025-11-09 11:50:47",US,companies,default_user,
1031,1032,Google,"2025-11-09 11:50:47",US,companies,default_user,
1032,1033,Google,"2025-11-09 11:50:47",US,companies,default_user,
1033,1034,Amazon,"2025-11-09 11:50:47",US,companies,default_user,
1034,1035,Amazon,"2025-11-09 11:50:47",US,companies,default_user,
1035,1036,Amazon,"2025-11-09 11:50:47",US,companies,default_user,
1036,1037,Amazon,"2025-11-09 11:50:47",US,companies,default_user,
1037,1038,Amazon,"2025-11-09 11:50:47",US,companies,default_user,
1038,1039,"Apple Inc","2025-11-09 11:50:47",US,companies,default_user,
1039,1040,Google,"2025-11-09 11:50:47",US,companies,default_user,
1040,1041,Amazon,"2025-11-09 11:50:47",US,companies,default_user,
1041,1042,Alibaba,"2025-11-09 11:50:47",US,companies,default_user,
1042,1043,Google,"2025-11-09 11:50:47",US,companies,default_user,
1043,1044,Google,"2025-11-09 11:50:47",US,companies,default_user,
1044,1045,Google,"2025-11-09 11:50:47",US,companies,default_user,
1045,1046,Google,"2025-11-09 11:50:47",US,companies,default_user,
1046,1047,Google,"2025-11-09 11:50:47",US,companies,default_user,
1047,1048,Amazon,"2025-11-09 11:50:47",US,companies,default_user,
1048,1049,Amazon,"2025-11-09 11:50:47",US,companies,default_user,
1049,1050,Amazon,"2025-11-09 11:50:47",US,companies,default_user,
1050,1051,Amazon,"2025-11-09 11:50:47",US,companies,default_user,
1051,1052,Amazon,"2025-11-09 11:50:47",US,companies,default_user,
1052,1053,Alibaba,"2025-11-09 11:50:47",US,companies,default_user,
1053,1054,Alibaba,"2025-11-09 11:50:47",US,companies,default_user,
1054,1055,Alibaba,"2025-11-09 11:50:47",US,companies,default_user,
1055,1056,Alibaba,"2025-11-09 11:50:47",US,companies,default_user,
1056,1057,Alibaba,"2025-11-09 11:50:47",US,companies,default_user,
1057,1058,"Apple Inc","2025-11-09 11:50:47",US,companies,default_user,
1058,1059,"Apple Inc","2025-11-09 11:50:47",US,companies,default_user,
1059,1060,"Apple Inc","2025-11-09 11:50:47",US,companies,default_user,
1060,1061,"Apple Inc","2025-11-09 11:50:47",US,companies,default_user,
1061,1062,"Apple Inc","2025-11-09 11:50:47",US,companies,default_user,
1062,1063,Google,"2025-11-09 11:50:47",US,companies,default_user,
1063,1064,Google,"2025-11-09 11:50:47",US,companies,default_user,
1064,1065,Google,"2025-11-09 11:50:47",US,companies,default_user,
1065,1066,Google,"2025-11-09 11:50:47",US,companies,default_user,
1066,1067,Google,"2025-11-09 11:50:47",US,companies,default_user,
1067,1068,Amazon,"2025-11-09 11:50:47",US,companies,default_user,
1068,1069,Amazon,"2025-11-09 11:50:47",US,companies,default_user,
1069,1070,Amazon,"2025-11-09 11:50:47",US,companies,default_user,
1070,1071,Amazon,"2025-11-09 11:50:47",US,companies,default_user,
1071,1072,Amazon,"2025-11-09 11:50:47",US,companies,default_user,
1072,1073,Alibaba,"2025-11-09 11:50:47",US,companies,default_user,
1073,1074,Alibaba,"2025-11-09 11:50:47",US,companies,default_user,
1074,1075,Alibaba,"2025-11-09 11:50:47",US,companies,default_user,
1075,1076,Alibaba,"2025-11-09 11:50:47",US,companies,default_user,
1076,1077,Alibaba,"2025-11-09 11:50:47",US,companies,default_user,
1077,1078,Google,"2025-11-09 11:50:47",US,companies,default_user,
1078,1079,Google,"2025-11-09 11:50:47",US,companies,default_user,
1079,1080,Google,"2025-11-09 11:50:47",US,companies,default_user,
1080,991,Amazon,"2025-11-09 11:50:47",US,companies,default_user,
1081,1082,Google,"2025-11-09 11:50:47",US,companies,default_user,
1082,1083,Amazon,"2025-11-09 11:50:47",US,companies,default_user,
1083,1084,Amazon,"2025-11-09 11:50:47",US,companies,default_user,
1084,1085,Amazon,"2025-11-09 11:50:47",US,companies,default_user,
1085,1086,Amazon,"2025-11-09 11:50:47",US,companies,default_user,
1086,1087,Amazon,"2025-11-09 11:50:47",US,companies,default_user,
1087,1088,Alibaba,"2025-11-09 11:50:47",US,companies,default_user,
1088,1089,Alibaba,"2025-11-09 11:50:47",US,companies,default_user,
1089,1090,Alibaba,"2025-11-09 11:50:47",US,companies,default_user,
1090,1091,Alibaba,"2025-11-09 11:50:47",US,companies,default_user,
1091,1092,Alibaba,"2025-11-09 11:50:47",US,companies,default_user,
1092,1093,"Apple Inc","2025-11-09 11:50:47",US,companies,default_user,
1093,1094,"Apple Inc","2025-11-09 11:50:47",US,companies,default_user,
1094,1095,"Apple Inc","2025-11-09 11:50:47",US,companies,default_user,
1095,1096,"Apple Inc","2025-11-09 11:50:47",US,companies,default_user,
1096,1097,"Apple Inc","2025-11-09 11:50:47",US,companies,default_user,
1097,1098,Google,"2025-11-09 11:50:47",US,companies,default_user,
1098,1099,Google,"2025-11-09 11:50:47",US,companies,default_user,
1099,1100,Google,"2025-11-09 11:50:47",US,companies,default_user,
1100,1101,Google,"2025-11-09 11:50:47",US,companies,default_user,
1101,1102,Google,"2025-11-09 11:50:47",US,companies,default_user,
1102,1103,Amazon,"2025-11-09 11:50:47",US,companies,default_user,
1103,1104,Amazon,"2025-11-09 11:50:47",US,companies,default_user,
1104,1105,Amazon,"2025-11-09 11:50:47",US,companies,default_user,
1105,1106,Amazon,"2025-11-09 11:50:47",US,companies,default_user,
1106,1107,Amazon,"2025-11-09 11:50:47",US,companies,default_user,
1107,1108,Alibaba,"2025-11-09 11:50:47",US,companies,default_user,
1108,1109,Alibaba,"2025-11-09 11:50:47",US,companies,default_user,
1109,1110,Alibaba,"2025-11-09 11:50:47",US,companies,default_user,
1110,1111,Alibaba,"2025-11-09 11:50:47",US,companies,default_user,
1111,1112,Alibaba,"2025-11-09 11:50:47",US,companies,default_user,
1112,1113,Google,"2025-11-09 11:50:47",US,companies,default_user,
1113,1114,Google,"2025-11-09 11:50:47",US,companies,default_user,
1114,1115,Google,"2025-11-09 11:50:47",US,companies,default_user,
1115,1116,Google,"2025-11-09 11:50:47",US,companies,default_user,
1116,1117,Google,"2025-11-09 11:50:47",US,companies,default_user,
1117,1118,Amazon,"2025-11-09 11:50:47",US,companies,default_user,
1118,1119,Amazon,"2025-11-09 11:50:47",US,companies,default_user,
1119,1120,Amazon,"2025-11-09 11:50:47",US,companies,default_user,
1120,1121,Amazon,"2025-11-09 11:50:47",US,companies,default_user,
1121,1122,Amazon,"2025-11-09 11:50:47",US,companies,default_user,
1122,1123,Alibaba,"2025-11-09 11:50:47",US,companies,default_user,
1123,1124,Alibaba,"2025-11-09 11:50:47",US,companies,default_user,
1124,1125,Alibaba,"2025-11-09 11:50:47",US,companies,default_user,
1125,1126,Alibaba,"2025-11-09 11:50:47",US,companies,default_user,
1126,1127,Alibaba,"2025-11-09 11:50:47",US,companies,default_user,
1127,1128,Google,"2025-11-09 11:50:47",US,companies,default_user,
1128,1129,Google,"2025-11-09 11:50:47",US,companies,default_user,
1129,1130,Google,"2025-11-09 11:50:47",US,companies,default_user,
1130,1131,Google,"2025-11-09 11:50:47",US,companies,default_user,
1131,1132,Google,"2025-11-09 11:50:47",US,companies,default_user,
1132,1133,Amazon,"2025-11-09 11:50:47",US,companies,default_user,
1133,1134,Amazon,"2025-11-09 11:50:47",US,companies,default_user,
1134,1135,Amazon,"2025-11-09 11:50:47",US,companies,default_user,
1135,1136,Amazon,"2025-11-09 11:50:47",US,companies,default_user,
1136,1137,Amazon,"2025-11-09 11:50:47",US,companies,default_user,
1137,1138,Alibaba,"2025-11-09 11:50:47",US,companies,default_user,
1138,1139,Alibaba,"2025-11-09 11:50:47",US,companies,default_user,
1139,1140,Alibaba,"2025-11-09 11:50:47",US,companies,default_user,
1140,1141,Alibaba,"2025-11-09 11:50:47",US,companies,default_user,
1141,1142,Alibaba,"2025-11-09 11:50:47",US,companies,default_user,
1142,1143,Google,"2025-11-09 11:50:47",US,companies,default_user,
1143,1144,Google,"2025-11-09 11:50:47",US,companies,default_user,
1144,1145,Google,"2025-11-09 11:50:47",US,companies,default_user,
1145,1146,Google,"2025-11-09 11:50:47",US,companies,default_user,
1146,1147,Google,"2025-11-09 11:50:47",US,companies,default_user,
1147,1148,Amazon,"2025-11-09 11:50:47",US,companies,default_user,
1148,1149,Amazon,"2025-11-09 11:50:47",US,companies,default_user,
1149,1150,Amazon,"2025-11-09 11:50:47",US,companies,default_user,
1150,1151,Amazon,"2025-11-09 11:50:47",US,companies,default_user,
1151,1152,Amazon,"2025-11-09 11:50:47",US,companies,default_user,
1152,1153,Alibaba,"2025-11-09 11:50:47",US,companies,default_user,
1153,1154,Alibaba,"2025-11-09 11:50:47",US,companies,default_user,
1154,1155,Alibaba,"2025-11-09 11:50:47",US,companies,default_user,
1155,1156,Alibaba,"2025-11-09 11:50:47",US,companies,default_user,
1156,1157,Alibaba,"2025-11-09 11:50:47",US,companies,default_user,
1157,1158,Google,"2025-11-09 11:50:47",US,companies,default_user,
1158,1159,Google,"2025-11-09 11:50:47",US,companies,default_user,
1159,1160,Google,"2025-11-09 11:50:47",US,companies,default_user,
1160,1161,Google,"2025-11-09 11:50:47",US,companies,default_user,
1161,1162,Google,"2025-11-09 11:50:47",US,companies,default_user,
1162,1163,Amazon,"2025-11-09 11:50:47",US,companies,default_user,
1163,1164,Amazon,"2025-11-09 11:50:47",US,companies,default_user,
1164,1165,Amazon,"2025-11-09 11:50:47",US,companies,default_user,
1165,1166,Amazon,"2025-11-09 11:50:47",US,companies,default_user,
1166,1167,Amazon,"2025-11-09 11:50:47",US,companies,default_user,
1167,1168,Alibaba,"2025-11-09 11:50:47",US,companies,default_user,
1168,1169,Alibaba,"2025-11-09 11:50:47",US,companies,default_user,
1169,1170,Alibaba,"2025-11-09 11:50:47",US,companies,default_user,
1170,1171,Alibaba,"2025-11-09 11:50:47",US,companies,default_user,
1171,1172,Alibaba,"2025-11-09 11:50:47",US,companies,default_user,
1172,1173,Google,"2025-11-09 11:50:47",US,companies,default_user,
1173,1174,Google,"2025-11-09 11:50:47",US,companies,default_user,
1174,1175,Google,"2025-11-09 11:50:47",US,companies,default_user,
1175,1176,Google,"2025-11-09 11:50:47",US,companies,default_user,
1176,1177,Google,"2025-11-09 11:50:47",US,companies,default_user,
1177,1178,Amazon,"2025-11-09 11:50:47",US,companies,default_user,
1178,1179,Amazon,"2025-11-09 11:50:47",US,companies,default_user,
1179,1180,Amazon,"2025-11-09 11:50:47",US,companies,default_user,
1180,1181,Amazon,"2025-11-09 11:50:47",US,companies,default_user,
1181,1182,Amazon,"2025-11-09 11:50:47",US,companies,default_user,
1182,1183,Alibaba,"2025-11-09 11:50:47",US,companies,default_user,
1183,1184,Alibaba,"2025-11-09 11:50:47",US,companies,default_user,
1184,1185,Alibaba,"2025-11-09 11:50:47",US,companies,default_user,
1185,1186,Alibaba,"2025-11-09 11:50:47",US,companies,default_user,
1186,1187,Alibaba,"2025-11-09 11:50:47",US,companies,default_user,
1187,1188,Google,"2025-11-09 11:50:47",US,companies,default_user,
1188,1189,Google,"2025-11-09 11:50:47",US,companies,default_user,
1189,1190,Google,"2025-11-09 11:50:47",US,companies,default_user,
1190,1191,Google,"2025-11-09 11:50:47",US,companies,default_user,
1191,1192,Google,"2025-11-09 11:50:47",US,companies,default_user,
1192,1193,Amazon,"2025-11-09 11:50:47",US,companies,default_user,
1193,1194,Amazon,"2025-11-09 11:50:47",US,companies,default_user,
1194,1195,Amazon,"2025-11-09 11:50:47",US,companies,default_user,
1195,1196,Amazon,"2025-11-09 11:50:47",US,companies,default_user,
1196,1197,Amazon,"2025-11-09 11:50:47",US,companies,default_user,
1197,1198,Alibaba,"2025-11-09 11:50:47",US,companies,default_user,
1198,1199,Alibaba,"2025-11-09 11:50:47",US,companies,default_user,
1199,1200,Alibaba,"2025-11-09 11:50:47",US,companies,default_user,
1200,1201,Alibaba,"2025-11-09 11:50:47",US,companies,default_user,
1201,1202,Alibaba,"2025-11-09 11:50:47",US,companies,default_user,
1202,1203,Google,"2025-11-09 11:50:47",US,companies,default_user,
1203,1204,Google,"2025-11-09 11:50:47",US,companies,default_user,
1204,1205,Google,"2025-11-09 11:50:47",US,companies,default_user,
1205,1206,Google,"2025-11-09 11:50:47",US,companies,default_user,
1206,1207,Google,"2025-11-09 11:50:47",US,companies,default_user,
1207,1208,Amazon,"2025-11-09 11:50:47",US,companies,default_user,
1208,1209,Amazon,"2025-11-09 11:50:47",US,companies,default_user,
1209,1210,Amazon,"2025-11-09 11:50:47",US,companies,default_user,
1210,1211,Amazon,"2025-11-09 11:50:47",US,companies,default_user,
1211,1212,Amazon,"2025-11-09 11:50:47",US,companies,default_user,
1212,1213,Alibaba,"2025-11-09 11:50:47",US,companies,default_user,
1213,1214,Alibaba,"2025-11-09 11:50:47",US,companies,default_user,
1214,1215,Alibaba,"2025-11-09 11:50:47",US,companies,default_user,
1215,1216,Alibaba,"2025-11-09 11:50:47",US,companies,default_user,
1216,1217,Alibaba,"2025-11-09 11:50:47",US,companies,default_user,
1217,1218,Google,"2025-11-09 11:50:47",US,companies,default_user,
1218,1219,Google,"2025-11-09 11:50:47",US,companies,default_user,
1219,1220,Google,"2025-11-09 11:50:47",US,companies,default_user,
1220,1221,Google,"2025-11-09 11:50:47",US,companies,default_user,
1221,1222,Google,"2025-11-09 11:50:47",US,companies,default_user,
1222,1223,Amazon,"2025-11-09 11:50:47",US,companies,default_user,
1223,1224,Amazon,"2025-11-09 11:50:47",US,companies,default_user,
1224,1225,Amazon,"2025-11-09 11:50:47",US,companies,default_user,
1225,1226,Amazon,"2025-11-09 11:50:47",US,companies,default_user,
1226,1227,Amazon,"2025-11-09 11:50:47",US,companies,default_user,
1227,1228,Alibaba,"2025-11-09 11:50:47",US,companies,default_user,
1228,1229,Alibaba,"2025-11-09 11:50:47",US,companies,default_user,
1229,1230,Alibaba,"2025-11-09 11:50:47",US,companies,default_user,
1230,1231,Alibaba,"2025-11-09 11:50:47",US,companies,default_user,
1231,1232,Alibaba,"2025-11-09 11:50:47",US,companies,default_user,
1232,1233,Google,"2025-11-09 11:50:47",US,companies,default_user,
1233,1234,Google,"2025-11-09 11:50:47",US,companies,default_user,
1234,1235,Google,"2025-11-09 11:50:47",US,companies,default_user,
1235,1236,Google,"2025-11-09 11:50:47",US,companies,default_user,
1236,1237,Google,"2025-11-09 11:50:47",US,companies,default_user,
1237,1238,Amazon,"2025-11-09 11:50:47",US,companies,default_user,
1238,1239,Amazon,"2025-11-09 11:50:47",US,companies,default_user,
1239,1240,Amazon,"2025-11-09 11:50:47",US,companies,default_user,
1240,1241,Amazon,"2025-11-09 11:50:47",US,companies,default_user,
1241,1242,Amazon,"2025-11-09 11:50:47",US,companies,default_user,
1242,1243,Alibaba,"2025-11-09 11:50:47",US,companies,default_user,
1243,1244,Alibaba,"2025-11-09 11:50:47",US,companies,default_user,
1244,1245,Alibaba,"2025-11-09 11:50:47",US,companies,default_user,
1245,1246,Alibaba,"2025-11-09 11:50:47",US,companies,default_user,
1246,1247,Alibaba,"2025-11-09 11:50:47",US,companies,default_user,
1247,1248,Google,"2025-11-09 11:50:47",US,companies,default_user,
1248,1249,Google,"2025-11-09 11:50:47",US,companies,default_user,
1249,1250,Google,"2025-11-09 11:50:47",US,companies,default_user,
1250,1251,Google,"2025-11-09 11:50:47",US,companies,default_user,
1251,1252,Google,"2025-11-09 11:50:47",US,companies,default_user,
1252,1253,Amazon,"2025-11-09 11:50:47",US,companies,default_user,
1253,1254,Amazon,"2025-11-09 11:50:47",US,companies,default_user,
1254,1255,Amazon,"2025-11-09 11:50:47",US,companies,default_user,
1255,1256,Amazon,"2025-11-09 11:50:47",US,companies,default_user,
1256,1257,Amazon,"2025-11-09 11:50:47",US,companies,default_user,
1257,1258,Alibaba,"2025-11-09 11:50:47",US,companies,default_user,
1258,1259,Alibaba,"2025-11-09 11:50:47",US,companies,default_user,
1259,1260,Alibaba,"2025-11-09 11:50:47",US,companies,default_user,
1260,1261,Alibaba,"2025-11-09 11:50:47",US,companies,default_user,
1261,1262,Alibaba,"2025-11-09 11:50:47",US,companies,default_user,
1262,1263,Google,"2025-11-09 11:50:47",US,companies,default_user,
1263,1264,Google,"2025-11-09 11:50:47",US,companies,default_user,
1264,1265,Google,"2025-11-09 11:50:47",US,companies,default_user,
1265,1266,Google,"2025-11-09 11:50:47",US,companies,default_user,
1266,1267,Google,"2025-11-09 11:50:47",US,companies,default_user,
1267,1268,Amazon,"2025-11-09 11:50:47",US,companies,default_user,
1268,1269,Amazon,"2025-11-09 11:50:47",US,companies,default_user,
1269,1270,Amazon,"2025-11-09 11:50:47",US,companies,default_user,
1270,1271,Amazon,"2025-11-09 11:50:47",US,companies,default_user,
1271,1272,Amazon,"2025-11-09 11:50:47",US,companies,default_user,
1272,1273,Alibaba,"2025-11-09 11:50:47",US,companies,default_user,
1273,1274,Alibaba,"2025-11-09 11:50:47",US,companies,default_user,
1274,1275,Alibaba,"2025-11-09 11:50:47",US,companies,default_user,
1275,1276,Alibaba,"2025-11-09 11:50:47",US,companies,default_user,
1276,1277,Alibaba,"2025-11-09 11:50:47",US,companies,default_user,
1277,1278,Google,"2025-11-09 11:50:47",US,companies,default_user,
1278,1279,Google,"2025-11-09 11:50:47",US,companies,default_user,
1279,1280,Google,"2025-11-09 11:50:47",US,companies,default_user,
1280,1281,Google,"2025-11-09 11:50:47",US,companies,default_user,
1281,1282,Google,"2025-11-09 11:50:47",US,companies,default_user,
1282,1283,Amazon,"2025-11-09 11:50:47",US,companies,default_user,
1283,1284,Amazon,"2025-11-09 11:50:47",US,companies,default_user,
1284,1285,Amazon,"2025-11-09 11:50:47",US,companies,default_user,
1285,1286,Amazon,"2025-11-09 11:50:47",US,companies,default_user,
1286,1287,Amazon,"2025-11-09 11:50:47",US,companies,default_user,
1287,1288,Alibaba,"2025-11-09 11:50:47",US,companies,default_user,
1288,1289,Alibaba,"2025-11-09 11:50:47",US,companies,default_user,
1289,1290,Alibaba,"2025-11-09 11:50:47",US,companies,default_user,
1290,1291,Alibaba,"2025-11-09 11:50:47",US,companies,default_user,
1291,1292,Alibaba,"2025-11-09 11:50:47",US,companies,default_user,
1292,1293,Google,"2025-11-09 11:50:47",US,companies,default_user,
1293,1294,Google,"2025-11-09 11:50:47",US,companies,default_user,
1294,1295,Google,"2025-11-09 11:50:47",US,companies,default_user,
1295,1296,Google,"2025-11-09 11:50:47",US,companies,default_user,
1296,1297,Google,"2025-11-09 11:50:47",US,companies,default_user,
1297,1298,Amazon,"2025-11-09 11:50:47",US,companies,default_user,
1298,1299,Amazon,"2025-11-09 11:50:47",US,companies,default_user,
1299,1300,Amazon,"2025-11-09 11:50:47",US,companies,default_user,
1300,1301,Amazon,"2025-11-09 11:50:47",US,companies,default_user,
1301,1302,Amazon,"2025-11-09 11:50:47",US,companies,default_user,
1302,1303,Alibaba,"2025-11-09 11:50:47",US,companies,default_user,
1303,1304,Alibaba,"2025-11-09 11:50:47",US,companies,default_user,
1304,1305,Alibaba,"2025-11-09 11:50:47",US,companies,default_user,
1305,1306,Alibaba,"2025-11-09 11:50:47",US,companies,default_user,
1306,1307,Alibaba,"2025-11-09 11:50:47",US,companies,default_user,
1307,1308,Google,"2025-11-09 11:50:47",US,companies,default_user,
1308,1309,Google,"2025-11-09 11:50:47",US,companies,default_user,
1309,1310,Google,"2025-11-09 11:50:47",US,companies,default_user,
1310,1311,Google,"2025-11-09 11:50:47",US,companies,default_user,
1311,1312,Google,"2025-11-09 11:50:47",US,companies,default_user,
1312,1313,Amazon,"2025-11-09 11:50:47",US,companies,default_user,
1313,1314,Amazon,"2025-11-09 11:50:47",US,companies,default_user,
1314,1315,Amazon,"2025-11-09 11:50:47",US,companies,default_user,
1315,1316,Amazon,"2025-11-09 11:50:47",US,companies,default_user,
1316,1317,Amazon,"2025-11-09 11:50:47",US,companies,default_user,
1317,1318,Alibaba,"2025-11-09 11:50:47",US,companies,default_user,
1318,1319,Alibaba,"2025-11-09 11:50:47",US,companies,default_user,
1319,1320,Alibaba,"2025-11-09 11:50:47",US,companies,default_user,
1320,1321,Alibaba,"2025-11-09 11:50:47",US,companies,default_user,
1321,1322,Alibaba,"2025-11-09 11:50:47",US,companies,default_user,
1322,1323,Google,"2025-11-09 11:50:47",US,companies,default_user,
1323,1324,Google,"2025-11-09 11:50:47",US,companies,default_user,
1324,1325,Google,"2025-11-09 11:50:47",US,companies,default_user,
1325,1326,Google,"2025-11-09 11:50:47",US,companies,default_user,
1326,1327,Google,"2025-11-09 11:50:47",US,companies,default_user,
1327,1328,Amazon,"2025-11-09 11:50:47",US,companies,default_user,
1328,1329,Amazon,"2025-11-09 11:50:47",US,companies,default_user,
1329,1330,Amazon,"2025-11-09 11:50:47",US,companies,default_user,
1330,1331,Amazon,"2025-11-09 11:50:47",US,companies,default_user,
1331,1332,Amazon,"2025-11-09 11:50:47",US,companies,default_user,
1332,1333,Alibaba,"2025-11-09 11:50:47",US,companies,default_user,
1333,1334,Alibaba,"2025-11-09 11:50:47",US,companies,default_user,
1334,1335,Alibaba,"2025-11-09 11:50:47",US,companies,default_user,
1335,1336,Alibaba,"2025-11-09 11:50:47",US,companies,default_user,
1336,1337,Alibaba,"2025-11-09 11:50:47",US,companies,default_user,
1337,1338,Google,"2025-11-09 11:50:47",US,companies,default_user,
1338,1339,Google,"2025-11-09 11:50:47",US,companies,default_user,
1339,1340,Google,"2025-11-09 11:50:47",US,companies,default_user,
1340,1341,Google,"2025-11-09 11:50:47",US,companies,default_user,
1341,1342,Google,"2025-11-09 11:50:47",US,companies,default_user,
1342,1343,Amazon,"2025-11-09 11:50:47",US,companies,default_user,
1343,1344,Amazon,"2025-11-09 11:50:47",US,companies,default_user,
1344,1345,Amazon,"2025-11-09 11:50:47",US,companies,default_user,
1345,1346,Amazon,"2025-11-09 11:50:47",US,companies,default_user,
1346,1347,Amazon,"2025-11-09 11:50:47",US,companies,default_user,
1347,1348,Alibaba,"2025-11-09 11:50:47",US,companies,default_user,
1348,1349,Alibaba,"2025-11-09 11:50:47",US,companies,default_user,
1349,1350,Alibaba,"2025-11-09 11:50:47",US,companies,default_user,
1350,1351,Alibaba,"2025-11-09 11:50:47",US,companies,default_user,
1351,1352,Alibaba,"2025-11-09 11:50:47",US,companies,default_user,
1352,1353,Google,"2025-11-09 11:50:47",US,companies,default_user,
1353,1354,Google,"2025-11-09 11:50:47",US,companies,default_user,
1354,1355,Google,"2025-11-09 11:50:47",US,companies,default_user,
1355,1356,Google,"2025-11-09 11:50:47",US,companies,default_user,
1356,1357,Google,"2025-11-09 11:50:47",US,companies,default_user,
1357,1358,Amazon,"2025-11-09 11:50:47",US,companies,default_user,
1358,1359,Amazon,"2025-11-09 11:50:47",US,companies,default_user,
1359,1360,Amazon,"2025-11-09 11:50:47",US,companies,default_user,
1360,1361,Amazon,"2025-11-09 11:50:47",US,companies,default_user,
1361,1362,Amazon,"2025-11-09 11:50:47",US,companies,default_user,
1362,1363,Alibaba,"2025-11-09 11:50:47",US,companies,default_user,
1363,1364,Alibaba,"2025-11-09 11:50:47",US,companies,default_user,
1364,1365,Alibaba,"2025-11-09 11:50:47",US,companies,default_user,
1365,1366,Alibaba,"2025-11-09 11:50:47",US,companies,default_user,
1366,1367,Alibaba,"2025-11-09 11:50:47",US,companies,default_user,
1367,1368,Google,"2025-11-09 11:50:47",US,companies,default_user,
1368,1369,Google,"2025-11-09 11:50:47",US,companies,default_user,
1369,1370,Google,"2025-11-09 11:50:47",US,companies,default_user,
1370,1371,Google,"2025-11-09 11:50:47",US,companies,default_user,
1371,1372,Google,"2025-11-09 11:50:47",US,companies,default_user,
1372,1373,Amazon,"2025-11-09 11:50:47",US,companies,default_user,
1373,1374,Amazon,"2025-11-09 11:50:47",US,companies,default_user,
1374,1375,Amazon,"2025-11-09 11:50:47",US,companies,default_user,
1375,1376,Amazon,"2025-11-09 11:50:47",US,companies,default_user,
1376,1377,Amazon,"2025-11-09 11:50:47",US,companies,default_user,
1377,1378,Alibaba,"2025-11-09 11:50:47",US,companies,default_user,
1378,1379,Alibaba,"2025-11-09 11:50:47",US,companies,default_user,
1379,1380,Alibaba,"2025-11-09 11:50:47",US,companies,default_user,
1380,1381,Alibaba,"2025-11-09 11:50:47",US,companies,default_user,
1381,1382,Alibaba,"2025-11-09 11:50:47",US,companies,default_user,
1382,993,Amazon,"2025-11-09 11:50:47",US,companies,default_user,
1383,1081,Google,"2025-11-09 11:50:47",US,companies,default_user,
1384,992,Amazon,"2025-11-09 11:50:47",US,companies,default_user,
1385,1383,Google,"2025-11-09 11:50:47",US,companies,default_user,
1386,1384,Google,"2025-11-09 11:50:47",US,companies,default_user,
1387,1385,Google,"2025-11-09 11:50:47",US,companies,default_user,
