news_analysis_id,title,summary,market,sector,impact_score,sentiment,link,urlToImage,content,author,published_at,source_system,summary_short,business_bites_news_id,alternative_sources,thumbnail_url,rank,slno
161,13 American presidents who escaped attempts on their lives,"Vehicle Crashes Into Security Gate Outside the White House  The New York TimesCar rams into White House barricade, suspect arrested: officials  Fox NewsMan taken into custody after driving his car into security gate outside White House, authorities say  WBAL-TVPerson arrested after driving into barricade near White House: Secret Service  ABC News - Breaking News, Latest News and VideosVehicle crashes into White House security gate, S",US,Automotive,7.5,neutral,https://www.yahoo.com/news/13-american-presidents-escaped-attempts-044508429.html?fr=sycsrp_catchall,,"Vehicle Crashes Into Security Gate Outside the White House  The New York TimesCar rams into White House barricade, suspect arrested: officials  Fox NewsMan taken into custody after driving his car into security gate outside White House, authorities say  WBAL-TVPerson arrested after driving into barricade near White House: Secret Service  ABC News - Breaking News, Latest News and VideosVehicle crashes into White House security gate, S",,2025-10-22 04:50:00+00:00,yahoo.com,,55,,,1,1
149,Trump's nominee to lead watchdog agency withdraws after controversial text messages,"Trump pick to lead watchdog agency withdraws after offensive text messages revealed  NPRTrump nominee to lead whistleblower office drops out after racist texts surface  The GuardianTrump pick to lead federal agency withdraws after ‘Nazi streak’ text message revealed  The Times of IsraelPaul Ingrassia, Trump Nominee for Watchdog Role, Out After Report of Racist Texts  The New York TimesTrump nominee Paul Ingrassia withdraws after rare Republican pushback ov",US,Financial Services,7.1,neutral,https://abc6onyourside.com/news/nation-world/trumps-nominee-to-lead-watchdog-agency-withdraws-after-controversial-text-messages-martin-luther-king-jr-nazi,https://abc6onyourside.com/resources/media2/16x9/5654/986/0x295/90/263849f4-9de8-4874-a1cc-615eb427c815-AP25294656420550.jpg,"Trump pick to lead watchdog agency withdraws after offensive text messages revealed  NPRTrump nominee to lead whistleblower office drops out after racist texts surface  The GuardianTrump pick to lead federal agency withdraws after ‘Nazi streak’ text message revealed  The Times of IsraelPaul Ingrassia, Trump Nominee for Watchdog Role, Out After Report of Racist Texts  The New York TimesTrump nominee Paul Ingrassia withdraws after rare Republican pushback ov",,2025-10-22 03:49:17+00:00,abc6onyourside.com,,51,,https://abc6onyourside.com/resources/media2/16x9/5654/986/0x295/90/263849f4-9de8-4874-a1cc-615eb427c815-AP25294656420550.jpg,1,2
152,Historic preservation group urges pause on East Wing demolition as Trump pushes ahead with his ballroom,Historic preservation group urges pause on East Wing demolition as Trump pushes ahead with his ballroom  CNNTrump Is Making Major White House Renovations. See What's Changing.  The New York TimesHistoric preservation group fears ballroom annex will overwhelm White House  CBS NewsExclusive | Treasury Tells Employees Not to Share Photos of White House Ballroom Construction - WSJ  The Wall Street JournalWhite House expands East Wing demolition as critics decry Trump overr,US,Financial Services,7.5,neutral,https://www.msn.com/en-us/news/other/historic-preservation-group-urges-pause-on-east-wing-demolition-as-trump-pushes-ahead-with-his-ballroom/ar-AA1OWeEC,,Historic preservation group urges pause on East Wing demolition as Trump pushes ahead with his ballroom  CNNTrump Is Making Major White House Renovations. See What's Changing.  The New York TimesHistoric preservation group fears ballroom annex will overwhelm White House  CBS NewsExclusive | Treasury Tells Employees Not to Share Photos of White House Ballroom Construction - WSJ  The Wall Street JournalWhite House expands East Wing demolition as critics decry Trump overr,,2025-10-22 03:24:00+00:00,msn.com,,52,,,1,3
155,Trump says he’d have final say on money he seeks over past federal investigations into his conduct,"Trump says he'd have final say on money he seeks over past federal investigations into his conduct  AP NewsTrump Said to Demand Justice Dept. Pay Him $230 Million for Past Cases  The New York TimesTrump says he's seeking 'a lot of money' in damages from DOJ  NBC NewsBreaking News: President Trump wants $230 million from the Justice Department for investigating him, people familiar with the matter say. Any settlement might ultimately be approved by senior department officials who defended him or those in his orbit. https:/  facebook.comTrump says he ‘could be’ seeking $230 million from his ow",US,Technology,7.6,neutral,https://www.msn.com/en-us/news/other/trump-says-hed-have-final-say-on-money-he-seeks-over-past-federal-investigations-into-his-conduct/ar-AA1OVaZm,,"Trump says he'd have final say on money he seeks over past federal investigations into his conduct  AP NewsTrump Said to Demand Justice Dept. Pay Him $230 Million for Past Cases  The New York TimesTrump says he's seeking 'a lot of money' in damages from DOJ  NBC NewsBreaking News: President Trump wants $230 million from the Justice Department for investigating him, people familiar with the matter say. Any settlement might ultimately be approved by senior department officials who defended him or those in his orbit. https:/  facebook.comTrump says he ‘could be’ seeking $230 million from his ow",,2025-10-22 01:47:00+00:00,msn.com,,53,,,1,4
158,Trump administration weighs value of Putin summit: ANALYSIS,"Trump says he doesn’t want ‘wasted meeting’ with Putin, delaying summit  The Washington PostTrump’s hopes for quick second summit with Putin have stalled out  CNNIn a Reversal, Trump Will Not Meet With Putin in Coming Weeks  The New York TimesPutin-Trump summit on hold after Russia rejects ceasefire  ReutersNow Trump won't meet with Putin on Ukraine, White House official says  ABC News - Breaking New",US,Technology,6,neutral,https://www.yahoo.com/news/articles/trump-administration-weighs-value-putin-091930105.html?fr=sycsrp_catchall,,"Trump says he doesn’t want ‘wasted meeting’ with Putin, delaying summit  The Washington PostTrump’s hopes for quick second summit with Putin have stalled out  CNNIn a Reversal, Trump Will Not Meet With Putin in Coming Weeks  The New York TimesPutin-Trump summit on hold after Russia rejects ceasefire  ReutersNow Trump won't meet with Putin on Ukraine, White House official says  ABC News - Breaking New",,2025-10-21 23:24:49+00:00,yahoo.com,,54,,,1,5
162,Vehicle Crashes Into Security Gate Outside the White House,"Vehicle Crashes Into Security Gate Outside the White House  The New York TimesCar rams into White House barricade, suspect arrested: officials  Fox NewsMan taken into custody after driving his car into security gate outside White House, authorities say  WBAL-TVPerson arrested after driving into barricade near White House: Secret Service  ABC News - Breaking News, Latest News and VideosVehicle crashes into White House security gate, S",US,Automotive,7.5,neutral,https://www.nytimes.com/2025/10/21/us/white-house-car-crash.html,,"Vehicle Crashes Into Security Gate Outside the White House  The New York TimesCar rams into White House barricade, suspect arrested: officials  Fox NewsMan taken into custody after driving his car into security gate outside White House, authorities say  WBAL-TVPerson arrested after driving into barricade near White House: Secret Service  ABC News - Breaking News, Latest News and VideosVehicle crashes into White House security gate, S",,2025-10-21 00:00:00+00:00,nytimes.com,,55,,,2,6
150,Dems demand Trump pull watchdog office nominee after reported ‘racist’ texts,"Trump pick to lead watchdog agency withdraws after offensive text messages revealed  NPRTrump nominee to lead whistleblower office drops out after racist texts surface  The GuardianTrump pick to lead federal agency withdraws after ‘Nazi streak’ text message revealed  The Times of IsraelPaul Ingrassia, Trump Nominee for Watchdog Role, Out After Report of Racist Texts  The New York TimesTrump nominee Paul Ingrassia withdraws after rare Republican pushback ov",US,Financial Services,7.1,neutral,https://www.msn.com/en-us/politics/government/dems-demand-trump-pull-watchdog-office-nominee-after-reported-racist-texts/ar-AA1OUR87,,"Trump pick to lead watchdog agency withdraws after offensive text messages revealed  NPRTrump nominee to lead whistleblower office drops out after racist texts surface  The GuardianTrump pick to lead federal agency withdraws after ‘Nazi streak’ text message revealed  The Times of IsraelPaul Ingrassia, Trump Nominee for Watchdog Role, Out After Report of Racist Texts  The New York TimesTrump nominee Paul Ingrassia withdraws after rare Republican pushback ov",,2025-10-22 03:49:17+00:00,msn.com,,51,,,2,7
153,National Trust Urges Trump Administration to Halt Demolition of the White House East Wing,Historic preservation group urges pause on East Wing demolition as Trump pushes ahead with his ballroom  CNNTrump Is Making Major White House Renovations. See What's Changing.  The New York TimesHistoric preservation group fears ballroom annex will overwhelm White House  CBS NewsExclusive | Treasury Tells Employees Not to Share Photos of White House Ballroom Construction - WSJ  The Wall Street JournalWhite House expands East Wing demolition as critics decry Trump overr,US,Financial Services,7.5,neutral,https://www.msn.com/en-us/news/other/national-trust-urges-trump-administration-to-halt-demolition-of-the-white-house-east-wing/ar-AA1OVBY6,,Historic preservation group urges pause on East Wing demolition as Trump pushes ahead with his ballroom  CNNTrump Is Making Major White House Renovations. See What's Changing.  The New York TimesHistoric preservation group fears ballroom annex will overwhelm White House  CBS NewsExclusive | Treasury Tells Employees Not to Share Photos of White House Ballroom Construction - WSJ  The Wall Street JournalWhite House expands East Wing demolition as critics decry Trump overr,,2025-10-22 03:24:00+00:00,msn.com,,52,,,2,8
156,Trump says he has commuted sentence of former US Rep. George Santos in federal fraud case,"Trump says he'd have final say on money he seeks over past federal investigations into his conduct  AP NewsTrump Said to Demand Justice Dept. Pay Him $230 Million for Past Cases  The New York TimesTrump says he's seeking 'a lot of money' in damages from DOJ  NBC NewsBreaking News: President Trump wants $230 million from the Justice Department for investigating him, people familiar with the matter say. Any settlement might ultimately be approved by senior department officials who defended him or those in his orbit. https:/  facebook.comTrump says he ‘could be’ seeking $230 million from his ow",US,Technology,7.6,neutral,https://www.msn.com/en-us/crime/general/trump-says-he-has-commuted-sentence-of-former-us-rep-george-santos-in-federal-fraud-case/ar-AA1OH5TD,,"Trump says he'd have final say on money he seeks over past federal investigations into his conduct  AP NewsTrump Said to Demand Justice Dept. Pay Him $230 Million for Past Cases  The New York TimesTrump says he's seeking 'a lot of money' in damages from DOJ  NBC NewsBreaking News: President Trump wants $230 million from the Justice Department for investigating him, people familiar with the matter say. Any settlement might ultimately be approved by senior department officials who defended him or those in his orbit. https:/  facebook.comTrump says he ‘could be’ seeking $230 million from his ow",,2025-10-22 01:47:00+00:00,msn.com,,53,,,2,9
159,"Trump says he doesn’t want ‘wasted meeting’ with Putin, delaying summit","Trump says he doesn’t want ‘wasted meeting’ with Putin, delaying summit  The Washington PostTrump’s hopes for quick second summit with Putin have stalled out  CNNIn a Reversal, Trump Will Not Meet With Putin in Coming Weeks  The New York TimesPutin-Trump summit on hold after Russia rejects ceasefire  ReutersNow Trump won't meet with Putin on Ukraine, White House official says  ABC News - Breaking New",US,Technology,6,neutral,https://www.msn.com/en-us/news/us/trump-says-he-doesn-t-want-wasted-meeting-with-putin-delaying-summit/ar-AA1OTAxQ,,"Trump says he doesn’t want ‘wasted meeting’ with Putin, delaying summit  The Washington PostTrump’s hopes for quick second summit with Putin have stalled out  CNNIn a Reversal, Trump Will Not Meet With Putin in Coming Weeks  The New York TimesPutin-Trump summit on hold after Russia rejects ceasefire  ReutersNow Trump won't meet with Putin on Ukraine, White House official says  ABC News - Breaking New",,2025-10-21 23:24:49+00:00,msn.com,,54,,,2,10
163,Taylor Swift and Travis Kelce’s dating timeline: From flirting fails to engageme...,"Vehicle Crashes Into Security Gate Outside the White House  The New York TimesCar rams into White House barricade, suspect arrested: officials  Fox NewsMan taken into custody after driving his car into security gate outside White House, authorities say  WBAL-TVPerson arrested after driving into barricade near White House: Secret Service  ABC News - Breaking News, Latest News and VideosVehicle crashes into White House security gate, S",US,Automotive,7.5,neutral,https://www.yahoo.com/entertainment/celebrity/articles/taylor-swift-travis-kelce-dating-222700699.html?fr=sycsrp_catchall,,"Vehicle Crashes Into Security Gate Outside the White House  The New York TimesCar rams into White House barricade, suspect arrested: officials  Fox NewsMan taken into custody after driving his car into security gate outside White House, authorities say  WBAL-TVPerson arrested after driving into barricade near White House: Secret Service  ABC News - Breaking News, Latest News and VideosVehicle crashes into White House security gate, S",,2025-10-22 04:50:00+00:00,yahoo.com,,55,,,3,11
151,Trump pick to lead watchdog agency withdraws after offensive text messages revealed,"Trump pick to lead watchdog agency withdraws after offensive text messages revealed  NPRTrump nominee to lead whistleblower office drops out after racist texts surface  The GuardianTrump pick to lead federal agency withdraws after ‘Nazi streak’ text message revealed  The Times of IsraelPaul Ingrassia, Trump Nominee for Watchdog Role, Out After Report of Racist Texts  The New York TimesTrump nominee Paul Ingrassia withdraws after rare Republican pushback ov",US,Financial Services,7.1,neutral,https://www.msn.com/en-us/news/other/trump-pick-to-lead-federal-watchdog-agency-withdraws-after-offensive-text-messages-were-revealed/ar-AA1OUW9N,,"Trump pick to lead watchdog agency withdraws after offensive text messages revealed  NPRTrump nominee to lead whistleblower office drops out after racist texts surface  The GuardianTrump pick to lead federal agency withdraws after ‘Nazi streak’ text message revealed  The Times of IsraelPaul Ingrassia, Trump Nominee for Watchdog Role, Out After Report of Racist Texts  The New York TimesTrump nominee Paul Ingrassia withdraws after rare Republican pushback ov",,2025-10-22 03:49:17+00:00,msn.com,,51,,,3,12
154,White House expands East Wing demolition as critics decry Trump overreach,Historic preservation group urges pause on East Wing demolition as Trump pushes ahead with his ballroom  CNNTrump Is Making Major White House Renovations. See What's Changing.  The New York TimesHistoric preservation group fears ballroom annex will overwhelm White House  CBS NewsExclusive | Treasury Tells Employees Not to Share Photos of White House Ballroom Construction - WSJ  The Wall Street JournalWhite House expands East Wing demolition as critics decry Trump overr,US,Financial Services,7.5,neutral,https://www.msn.com/en-us/news/us/white-house-expands-east-wing-demolition-as-critics-decry-trump-overreach/ar-AA1OULqb,,Historic preservation group urges pause on East Wing demolition as Trump pushes ahead with his ballroom  CNNTrump Is Making Major White House Renovations. See What's Changing.  The New York TimesHistoric preservation group fears ballroom annex will overwhelm White House  CBS NewsExclusive | Treasury Tells Employees Not to Share Photos of White House Ballroom Construction - WSJ  The Wall Street JournalWhite House expands East Wing demolition as critics decry Trump overr,,2025-10-22 03:24:00+00:00,msn.com,,52,,,3,13
157,Trump is going to Asia — what happens next is anyone’s guess,"Trump says he'd have final say on money he seeks over past federal investigations into his conduct  AP NewsTrump Said to Demand Justice Dept. Pay Him $230 Million for Past Cases  The New York TimesTrump says he's seeking 'a lot of money' in damages from DOJ  NBC NewsBreaking News: President Trump wants $230 million from the Justice Department for investigating him, people familiar with the matter say. Any settlement might ultimately be approved by senior department officials who defended him or those in his orbit. https:/  facebook.comTrump says he ‘could be’ seeking $230 million from his ow",US,Technology,7.6,neutral,https://www.msn.com/en-us/news/world/trump-is-going-to-asia-what-happens-next-is-anyones-guess/ar-AA1OQrb8,,"Trump says he'd have final say on money he seeks over past federal investigations into his conduct  AP NewsTrump Said to Demand Justice Dept. Pay Him $230 Million for Past Cases  The New York TimesTrump says he's seeking 'a lot of money' in damages from DOJ  NBC NewsBreaking News: President Trump wants $230 million from the Justice Department for investigating him, people familiar with the matter say. Any settlement might ultimately be approved by senior department officials who defended him or those in his orbit. https:/  facebook.comTrump says he ‘could be’ seeking $230 million from his ow",,2025-10-22 01:47:00+00:00,msn.com,,53,,,3,14
160,Zelenskiy to seek weapons from Trump in the shadow of a new Putin summit,"Trump says he doesn’t want ‘wasted meeting’ with Putin, delaying summit  The Washington PostTrump’s hopes for quick second summit with Putin have stalled out  CNNIn a Reversal, Trump Will Not Meet With Putin in Coming Weeks  The New York TimesPutin-Trump summit on hold after Russia rejects ceasefire  ReutersNow Trump won't meet with Putin on Ukraine, White House official says  ABC News - Breaking New",US,Technology,6,neutral,https://www.yahoo.com/news/articles/zelenskiy-seek-weapons-trump-shadow-091700161.html?fr=sycsrp_catchall,,"Trump says he doesn’t want ‘wasted meeting’ with Putin, delaying summit  The Washington PostTrump’s hopes for quick second summit with Putin have stalled out  CNNIn a Reversal, Trump Will Not Meet With Putin in Coming Weeks  The New York TimesPutin-Trump summit on hold after Russia rejects ceasefire  ReutersNow Trump won't meet with Putin on Ukraine, White House official says  ABC News - Breaking New",,2025-10-21 23:24:49+00:00,yahoo.com,,54,,,3,15
204,国台办：“倚美谋独”“以武谋独”注定是螳臂当车、自取灭亡,国台办：“倚美谋独”“以武谋独”注定是螳臂当车、自取灭亡  凤凰网聚焦台海 - 堪称飞弹岛的台湾防空飞弹密度已排在世界前三名，为何还需要打造「台湾之盾」？  RFI国台办：已在脸书（Facebook）平台开设账号，欢迎海内外网友关注  新浪财经国台办：民进党当局拓展所谓“国际空间”的企图只会四处碰壁  chinanews.com,China,Technology,6,neutral,https://news.ifeng.com/c/8neiMKW5b6H,https://x0.ifengimg.com/ucms/2025_43/1B16AC2C7209929B0CF2CDF878418870127A92D7_size37_w690_h388.jpg,国台办：“倚美谋独”“以武谋独”注定是螳臂当车、自取灭亡  凤凰网聚焦台海 - 堪称飞弹岛的台湾防空飞弹密度已排在世界前三名，为何还需要打造「台湾之盾」？  RFI国台办：已在脸书（Facebook）平台开设账号，欢迎海内外网友关注  新浪财经国台办：民进党当局拓展所谓“国际空间”的企图只会四处碰壁  chinanews.com,,2025-10-22 03:38:00+00:00,news.ifeng.com,,90,,https://x0.ifengimg.com/ucms/2025_43/1B16AC2C7209929B0CF2CDF878418870127A92D7_size37_w690_h388.jpg,1,16
201,台法官参加国际年会遭拒签，国台办：一中原则是 ...,台法官参加国际年会遭拒签 国台办：一中原则是国际社会普遍共识  chinanews.com.cn亞塞拜然拒發簽證 台灣無法參與法官協會年會  大紀元“台独”路线“碰钉” 台湾地区法官协会参加国际年会被拒- 岛内政治  华夏经纬网台法官协会参加国际年会被拒 团长遭遣返回台  jpchinapress.com台灣法官代表參加法協年,China,Financial Services,6,neutral,https://news.ifeng.com/c/8nefnMSxErr,https://x0.ifengimg.com/ucms/2025_43/FA69600FB2406914084D574F5CE7838BF0FDA99C_size70_w975_h549.jpg,台法官参加国际年会遭拒签 国台办：一中原则是国际社会普遍共识  chinanews.com.cn亞塞拜然拒發簽證 台灣無法參與法官協會年會  大紀元“台独”路线“碰钉” 台湾地区法官协会参加国际年会被拒- 岛内政治  华夏经纬网台法官协会参加国际年会被拒 团长遭遣返回台  jpchinapress.com台灣法官代表參加法協年,,2025-10-22 03:06:37+00:00,news.ifeng.com,,89,,https://x0.ifengimg.com/ucms/2025_43/FA69600FB2406914084D574F5CE7838BF0FDA99C_size70_w975_h549.jpg,1,17
197,陸委會籲勿參加大陸紀念台灣光復活動國台辦：恐嚇打壓必受 ...,台陆委会称禁止公职人员参加大陆庆祝台湾光复80周年纪念活动，国台办回应  ts.cn“共铸中华 光阴为证”——纪念台湾光复80周年分享会在京举行  新华网忆峥嵘岁月 促民族复兴——海峡两岸专家学者共话台湾光复80周年  光明网重温光复史、共绘统一图 纪念台湾光复80周年分享会举行  中国网新闻中心国,China,Financial Services,6,neutral,https://tw.news.yahoo.com/%E9%99%B8%E5%A7%94%E6%9C%83%E7%B1%B2%E5%8B%BF%E5%8F%83%E5%8A%A0%E5%A4%A7%E9%99%B8%E7%B4%80%E5%BF%B5%E5%8F%B0%E7%81%A3%E5%85%89%E5%BE%A9%E6%B4%BB%E5%8B%95-%E5%9C%8B%E5%8F%B0%E8%BE%A6-%E6%81%90%E5%9A%87%E6%89%93%E5%A3%93%E5%BF%85%E5%8F%97%E5%94%BE%E6%A3%84-030705500.html,,台陆委会称禁止公职人员参加大陆庆祝台湾光复80周年纪念活动，国台办回应  ts.cn“共铸中华 光阴为证”——纪念台湾光复80周年分享会在京举行  新华网忆峥嵘岁月 促民族复兴——海峡两岸专家学者共话台湾光复80周年  光明网重温光复史、共绘统一图 纪念台湾光复80周年分享会举行  中国网新闻中心国,,2025-10-22 02:49:00+00:00,tw.news.yahoo.com,,87,,,1,18
200,Hoho Summer (@hoho_summer) • Instagram photos and videos,郑丽文当选国民党主席，国台办回应  观察者从“台独”到“亲中”：郑丽文当选国民党主席的启示  BBC中共中央总书记习近平电贺郑丽文当选中国国民党主席  人民日报郑丽文称愿见习近平化解两岸矛盾 赖清德：对和平要有理想、不能有幻想  RFI【中国网评】唯有坚持“九二共识,China,Financial Services,6,neutral,https://www.instagram.com/hoho_summer/,,郑丽文当选国民党主席，国台办回应  观察者从“台独”到“亲中”：郑丽文当选国民党主席的启示  BBC中共中央总书记习近平电贺郑丽文当选中国国民党主席  人民日报郑丽文称愿见习近平化解两岸矛盾 赖清德：对和平要有理想、不能有幻想  RFI【中国网评】唯有坚持“九二共识,,2025-10-22 02:43:00+00:00,instagram.com,,88,,,1,19
194,从发展趋势看新发展理念指引下中国经济的活力与韧性,于变局中开新局——从发展趋势看新发展理念指引下中国经济的活力与韧性  chinanews.com.cn于变局中开新局  人民日报报告称中国经济正进入供需再平衡关键期  杭州网中国经济数据观丨一组数据见证中国经济韧性活力- 财经  中工网中国经济数据观丨一,China,Financial Services,6,neutral,https://www.chinanews.com.cn/ll/2025/10-22/10502526.shtml,,于变局中开新局——从发展趋势看新发展理念指引下中国经济的活力与韧性  chinanews.com.cn于变局中开新局  人民日报报告称中国经济正进入供需再平衡关键期  杭州网中国经济数据观丨一组数据见证中国经济韧性活力- 财经  中工网中国经济数据观丨一,,2025-10-22 02:30:46+00:00,chinanews.com.cn,,86,,,1,20
205,特朗普称大陆不想对台湾发动进攻，国台办回应,国台办：“倚美谋独”“以武谋独”注定是螳臂当车、自取灭亡  凤凰网聚焦台海 - 堪称飞弹岛的台湾防空飞弹密度已排在世界前三名，为何还需要打造「台湾之盾」？  RFI国台办：已在脸书（Facebook）平台开设账号，欢迎海内外网友关注  新浪财经国台办：民进党当局拓展所谓“国际空间”的企图只会四处碰壁  chinanews.com,China,Technology,6,neutral,https://news.ifeng.com/c/8neiMKW5b9G,https://x0.ifengimg.com/ucms/2025_43/1C6BB87BCC4F08C70CF67F0A7E09DD046FBA3E92_size600_w975_h549.png,国台办：“倚美谋独”“以武谋独”注定是螳臂当车、自取灭亡  凤凰网聚焦台海 - 堪称飞弹岛的台湾防空飞弹密度已排在世界前三名，为何还需要打造「台湾之盾」？  RFI国台办：已在脸书（Facebook）平台开设账号，欢迎海内外网友关注  新浪财经国台办：民进党当局拓展所谓“国际空间”的企图只会四处碰壁  chinanews.com,,2025-10-22 03:38:00+00:00,news.ifeng.com,,90,,https://x0.ifengimg.com/ucms/2025_43/1C6BB87BCC4F08C70CF67F0A7E09DD046FBA3E92_size600_w975_h549.png,2,21
202,台法官参加国际年会遭拒签国台办,台法官参加国际年会遭拒签 国台办：一中原则是国际社会普遍共识  chinanews.com.cn亞塞拜然拒發簽證 台灣無法參與法官協會年會  大紀元“台独”路线“碰钉” 台湾地区法官协会参加国际年会被拒- 岛内政治  华夏经纬网台法官协会参加国际年会被拒 团长遭遣返回台  jpchinapress.com台灣法官代表參加法協年,China,Financial Services,6,neutral,https://www.chinanews.com.cn/gn/2025/10-22/10502553.shtml,,台法官参加国际年会遭拒签 国台办：一中原则是国际社会普遍共识  chinanews.com.cn亞塞拜然拒發簽證 台灣無法參與法官協會年會  大紀元“台独”路线“碰钉” 台湾地区法官协会参加国际年会被拒- 岛内政治  华夏经纬网台法官协会参加国际年会被拒 团长遭遣返回台  jpchinapress.com台灣法官代表參加法協年,,2025-10-22 03:06:37+00:00,chinanews.com.cn,,89,,,2,22
198,台陆委会称禁止公职人员参加大陆庆祝台湾光复80周年纪念 ...,台陆委会称禁止公职人员参加大陆庆祝台湾光复80周年纪念活动，国台办回应  ts.cn“共铸中华 光阴为证”——纪念台湾光复80周年分享会在京举行  新华网忆峥嵘岁月 促民族复兴——海峡两岸专家学者共话台湾光复80周年  光明网重温光复史、共绘统一图 纪念台湾光复80周年分享会举行  中国网新闻中心国,China,Financial Services,6,neutral,https://www.ts.cn/xwzx/gnxw/202510/t20251022_31188279.shtml,,台陆委会称禁止公职人员参加大陆庆祝台湾光复80周年纪念活动，国台办回应  ts.cn“共铸中华 光阴为证”——纪念台湾光复80周年分享会在京举行  新华网忆峥嵘岁月 促民族复兴——海峡两岸专家学者共话台湾光复80周年  光明网重温光复史、共绘统一图 纪念台湾光复80周年分享会举行  中国网新闻中心国,,2025-10-22 02:49:00+00:00,ts.cn,,87,,,2,23
195,从发展趋势看新发展理念指引下中国经济的活力与韧性,于变局中开新局——从发展趋势看新发展理念指引下中国经济的活力与韧性  chinanews.com.cn于变局中开新局  人民日报报告称中国经济正进入供需再平衡关键期  杭州网中国经济数据观丨一组数据见证中国经济韧性活力- 财经  中工网中国经济数据观丨一,China,Financial Services,6,neutral,https://www.xhby.net/content/s68f83a7ee4b0ffd9c3aa4679.html,,于变局中开新局——从发展趋势看新发展理念指引下中国经济的活力与韧性  chinanews.com.cn于变局中开新局  人民日报报告称中国经济正进入供需再平衡关键期  杭州网中国经济数据观丨一组数据见证中国经济韧性活力- 财经  中工网中国经济数据观丨一,,2025-10-22 02:30:46+00:00,xhby.net,,86,,,2,24
206,國台辦10月22日例行發佈會全文,国台办：“倚美谋独”“以武谋独”注定是螳臂当车、自取灭亡  凤凰网聚焦台海 - 堪称飞弹岛的台湾防空飞弹密度已排在世界前三名，为何还需要打造「台湾之盾」？  RFI国台办：已在脸书（Facebook）平台开设账号，欢迎海内外网友关注  新浪财经国台办：民进党当局拓展所谓“国际空间”的企图只会四处碰壁  chinanews.com,China,Technology,6,neutral,https://hk.crntt.com/doc/7_0_107132492_1_1022130810.html,,国台办：“倚美谋独”“以武谋独”注定是螳臂当车、自取灭亡  凤凰网聚焦台海 - 堪称飞弹岛的台湾防空飞弹密度已排在世界前三名，为何还需要打造「台湾之盾」？  RFI国台办：已在脸书（Facebook）平台开设账号，欢迎海内外网友关注  新浪财经国台办：民进党当局拓展所谓“国际空间”的企图只会四处碰壁  chinanews.com,,2025-10-22 03:38:00+00:00,hk.crntt.com,,90,,,3,25
203,台法官参加国际年会遭拒签国台办一中原则是国际社会普遍 ...,台法官参加国际年会遭拒签 国台办：一中原则是国际社会普遍共识  chinanews.com.cn亞塞拜然拒發簽證 台灣無法參與法官協會年會  大紀元“台独”路线“碰钉” 台湾地区法官协会参加国际年会被拒- 岛内政治  华夏经纬网台法官协会参加国际年会被拒 团长遭遣返回台  jpchinapress.com台灣法官代表參加法協年,China,Financial Services,6,neutral,https://www.xinouzhou.com/detail/tai-fa-guan-can-jia-guo-ji-nian-hui-zao-ju-qian-guo-tai-ban-yi-zhong-yuan-ze-shi-guo-ji-she-hui-pu-bian-gong-shi.html,,台法官参加国际年会遭拒签 国台办：一中原则是国际社会普遍共识  chinanews.com.cn亞塞拜然拒發簽證 台灣無法參與法官協會年會  大紀元“台独”路线“碰钉” 台湾地区法官协会参加国际年会被拒- 岛内政治  华夏经纬网台法官协会参加国际年会被拒 团长遭遣返回台  jpchinapress.com台灣法官代表參加法協年,,2025-10-22 03:06:37+00:00,xinouzhou.com,,89,,,3,26
199,台陆委会称禁止公职人员参加大陆庆祝台湾光复80周年纪念 ...,台陆委会称禁止公职人员参加大陆庆祝台湾光复80周年纪念活动，国台办回应  ts.cn“共铸中华 光阴为证”——纪念台湾光复80周年分享会在京举行  新华网忆峥嵘岁月 促民族复兴——海峡两岸专家学者共话台湾光复80周年  光明网重温光复史、共绘统一图 纪念台湾光复80周年分享会举行  中国网新闻中心国,China,Financial Services,6,neutral,https://cbgc.scol.com.cn/news/6873459,,台陆委会称禁止公职人员参加大陆庆祝台湾光复80周年纪念活动，国台办回应  ts.cn“共铸中华 光阴为证”——纪念台湾光复80周年分享会在京举行  新华网忆峥嵘岁月 促民族复兴——海峡两岸专家学者共话台湾光复80周年  光明网重温光复史、共绘统一图 纪念台湾光复80周年分享会举行  中国网新闻中心国,,2025-10-22 02:49:00+00:00,cbgc.scol.com.cn,,87,,,3,27
196,思想之光照亮奋进之路——以习近平同志为核心的党中央 ...,于变局中开新局——从发展趋势看新发展理念指引下中国经济的活力与韧性  chinanews.com.cn于变局中开新局  人民日报报告称中国经济正进入供需再平衡关键期  杭州网中国经济数据观丨一组数据见证中国经济韧性活力- 财经  中工网中国经济数据观丨一,China,Financial Services,6,neutral,https://www.chinanews.com.cn/gn/2025/10-22/10502444.shtml,,于变局中开新局——从发展趋势看新发展理念指引下中国经济的活力与韧性  chinanews.com.cn于变局中开新局  人民日报报告称中国经济正进入供需再平衡关键期  杭州网中国经济数据观丨一组数据见证中国经济韧性活力- 财经  中工网中国经济数据观丨一,,2025-10-22 02:30:46+00:00,chinanews.com.cn,,86,,,3,28
173,"Focus of grooming inquiry 'will not change', home secretary insists","Grooming gangs inquiry will leave 'no hiding place' for those involved, home secretary vows  Sky NewsFocus of grooming inquiry 'will not change', home secretary insists  BBCGrooming gang victims tell Jess Phillips to step down over chaotic inquiry  The TelegraphWhy is there a national inquiry into grooming gangs and how is it going?  The GuardianProspective chair of Starmer’s ‘grooming gang’ inquiry p",EU,Technology,6,neutral,https://www.yahoo.com/news/articles/not-much-longer-wait-grooming-020840689.html,,"Grooming gangs inquiry will leave 'no hiding place' for those involved, home secretary vows  Sky NewsFocus of grooming inquiry 'will not change', home secretary insists  BBCGrooming gang victims tell Jess Phillips to step down over chaotic inquiry  The TelegraphWhy is there a national inquiry into grooming gangs and how is it going?  The GuardianProspective chair of Starmer’s ‘grooming gang’ inquiry p",,2025-10-22 04:07:30+00:00,yahoo.com,,69,,,1,29
176,Ukraine uses British Storm Shadow missiles to strike key chemical plant in Russia,Ukraine war briefing: Storm Shadow missiles ‘hit gunpowder plant in Russia’  The GuardianUkraine hits Russian chemical plant with UK-made Storm Shadow missiles  BBCBritish Storm Shadow missiles used in 'massive' Ukrainian strike against Russian chemical plant  Sky NewsUkraine hits Russian chemical plant as Trump-Putin talks collapse  The TimesUkraine uses British Storm Shadow missiles to strike key chemical plant,EU,Technology,6,neutral,https://www.yahoo.com/news/articles/ukraine-uses-british-storm-shadow-025330833.html,,Ukraine war briefing: Storm Shadow missiles ‘hit gunpowder plant in Russia’  The GuardianUkraine hits Russian chemical plant with UK-made Storm Shadow missiles  BBCBritish Storm Shadow missiles used in 'massive' Ukrainian strike against Russian chemical plant  Sky NewsUkraine hits Russian chemical plant as Trump-Putin talks collapse  The TimesUkraine uses British Storm Shadow missiles to strike key chemical plant,,2025-10-22 01:06:00+00:00,yahoo.com,,70,,,1,30
167,Violent protests erupt outside Dublin hotel housing asylum seekers,Dublin police condemn ‘thuggery’ after protest outside hotel housing asylum seekers turns violent  The GuardianArrests after violent protest outside Dublin migrant hotel  BBCGardaí attacked with fireworks as van set on fire amid scenes of ‘sustained violence and thuggery’ at Citywest hotel  The Irish IndependentPolice helicopter targeted with lasers by 'mob intent on violence' in Dublin  Sky NewsIrish police attacked with missiles outside mig,EU,Technology,6,neutral,https://www.msn.com/en-us/news/other/violent-protests-erupt-outside-dublin-hotel-housing-asylum-seekers/ar-AA1OVUup,,Dublin police condemn ‘thuggery’ after protest outside hotel housing asylum seekers turns violent  The GuardianArrests after violent protest outside Dublin migrant hotel  BBCGardaí attacked with fireworks as van set on fire amid scenes of ‘sustained violence and thuggery’ at Citywest hotel  The Irish IndependentPolice helicopter targeted with lasers by 'mob intent on violence' in Dublin  Sky NewsIrish police attacked with missiles outside mig,,2025-10-21 22:20:00+00:00,msn.com,,67,,,1,31
164,Putin defies Trump to wreck Ukraine peace talks - Yahoo,Putin defies Trump to wreck Ukraine peace talks  The TelegraphTrump says he did not want 'wasted meeting' after plan for Putin talks shelved  BBCWhy is Trump and Putin's meeting off?  Sky NewsUS shelves plans for Trump-Putin talks in Budapest  The GuardianPutin’s mesmeric sway ,EU,Technology,6,neutral,https://www.yahoo.com/news/articles/trump-meeting-putin-hungary-called-155710546.html,,Putin defies Trump to wreck Ukraine peace talks  The TelegraphTrump says he did not want 'wasted meeting' after plan for Putin talks shelved  BBCWhy is Trump and Putin's meeting off?  Sky NewsUS shelves plans for Trump-Putin talks in Budapest  The GuardianPutin’s mesmeric sway ,,2025-10-21 21:36:00+00:00,yahoo.com,,66,,,1,32
179,'Problems pile up for Reeves' and 'a kiss from Carla',"Family law shift hailed as victory for children facing domestic abuse  The Guardian'He killed them to punish me': Mum whose sons were killed by father says law change will save lives  ITVXGovernment action to protect children from abusive parents  GOV.UKNew year 11 years after dad killed sons, nine and 12, in house fire  Yahoo News UKMum whose ex killed her two sons in horror house fire says children are ",EU,Technology,6,neutral,https://www.yahoo.com/news/articles/problems-pile-reeves-kiss-carla-002555671.html?fr=sycsrp_catchall,,"Family law shift hailed as victory for children facing domestic abuse  The Guardian'He killed them to punish me': Mum whose sons were killed by father says law change will save lives  ITVXGovernment action to protect children from abusive parents  GOV.UKNew year 11 years after dad killed sons, nine and 12, in house fire  Yahoo News UKMum whose ex killed her two sons in horror house fire says children are ",,2025-10-21 21:30:00+00:00,yahoo.com,,71,,,1,33
182,NHS doctor who 'celebrated October 7 massacre' arrested on suspicion of stirring up racial hatred,"NHS doctor who ‘celebrated Hamas Oct 7 attack’ is arrested  The TelegraphNHS doctor who supported Palestine Action arrested  The TimesNHS doctor who labelled October 7 a ‘humiliation’ for Israel arrested  lbc.co.uk‘Jewish supremacy’ diatribe doctor arrested, blames ‘Israeli-Jewish lobby’  Jewish NewsPro-Hamas UK Doctor Arrested ‘For Inciting Racia",EU,Healthcare,6,neutral,https://www.msn.com/en-gb/news/other/nhs-doctor-who-celebrated-october-7-massacre-arrested-on-suspicion-of-stirring-up-racial-hatred/ar-AA1OW1VM,,"NHS doctor who ‘celebrated Hamas Oct 7 attack’ is arrested  The TelegraphNHS doctor who supported Palestine Action arrested  The TimesNHS doctor who labelled October 7 a ‘humiliation’ for Israel arrested  lbc.co.uk‘Jewish supremacy’ diatribe doctor arrested, blames ‘Israeli-Jewish lobby’  Jewish NewsPro-Hamas UK Doctor Arrested ‘For Inciting Racia",,2025-10-21 21:10:00+00:00,msn.com,,72,,,1,34
170,Reeves targets tax partnerships in crackdown on UK’s wealthy,Reeves targets tax partnerships in crackdown on wealthy Britons  Financial TimesReeves plots tax raid on GPs and lawyers  The TelegraphHow Rachel Reeves could balance Britain’s books and lower inequality | Letters  The GuardianTax raid on solicitors and GPs as Rachel Reeves targets wealthy  The TimesBudget 2025: what should Rachel Reeves do about tax? Join our liv,EU,Technology,6,neutral,https://www.ft.com/content/fad95547-c888-401e-ac7e-c86b9de8f380,https://images.ft.com/v3/image/raw/https%3A%2F%2Fd1e00ek4ebabms.cloudfront.net%2Fproduction%2F044f971a-b1d8-4fa5-a925-2892c91800a6.jpg?source=next-barrier-page,Reeves targets tax partnerships in crackdown on wealthy Britons  Financial TimesReeves plots tax raid on GPs and lawyers  The TelegraphHow Rachel Reeves could balance Britain’s books and lower inequality | Letters  The GuardianTax raid on solicitors and GPs as Rachel Reeves targets wealthy  The TimesBudget 2025: what should Rachel Reeves do about tax? Join our liv,,2025-10-21 21:01:25+00:00,ft.com,,68,,https://images.ft.com/v3/image/raw/https%3A%2F%2Fd1e00ek4ebabms.cloudfront.net%2Fproduction%2F044f971a-b1d8-4fa5-a925-2892c91800a6.jpg?source=next-barrier-page,1,35
185,London grooming gang victims ‘killing themselves’ while Sadiq Khan 'turns a blind eye',"London grooming gang victims ‘killing themselves’ while Sadiq Khan 'turns a blind eye'  Daily ExpressThe real story of London’s harrowing grooming gang epidemic  London Evening StandardPathetic Sadiq Khan wrecked London then ignored grooming gang rape fears  Daily ExpressSadiq Khan accused of 'turning a blind eye' to rape gangs in London despite 'real, credible evidence' of horror assaults  The SunBIG BREAKING: Sadiq Khan Accused of Grooming Gang Cover-Up; Victims ‘Gaslighted’| ",EU,Technology,6,neutral,https://www.msn.com/en-gb/news/other/london-grooming-gang-victims-killing-themselves-while-sadiq-khan-turns-a-blind-eye/ar-AA1OUJTB,,"London grooming gang victims ‘killing themselves’ while Sadiq Khan 'turns a blind eye'  Daily ExpressThe real story of London’s harrowing grooming gang epidemic  London Evening StandardPathetic Sadiq Khan wrecked London then ignored grooming gang rape fears  Daily ExpressSadiq Khan accused of 'turning a blind eye' to rape gangs in London despite 'real, credible evidence' of horror assaults  The SunBIG BREAKING: Sadiq Khan Accused of Grooming Gang Cover-Up; Victims ‘Gaslighted’| ",,2025-10-21 20:00:00+00:00,msn.com,,73,,,1,36
188,Reeves vows to clear way for BoE rate cuts with cost of living pledge ...,"Reeves vows to clear way for BoE rate cuts with cost of living pledge  Financial TimesChancellor looking at cutting energy bills in budget  Sky NewsEd Miliband hints at cut to VAT on energy bills  BBCReeves Pledges to Tackle Inflation, Hints No Bank Tax in Budget  BloombergEd Miliband hints at cuts to energy bill VAT in Rachel Reeves’s aut",EU,Financial Services,6.8,neutral,https://www.ft.com/content/bfe69f64-98f4-4bd3-9c16-df58526fc0ea,https://images.ft.com/v3/image/raw/https%3A%2F%2Fd1e00ek4ebabms.cloudfront.net%2Fproduction%2Fb7822ab6-5384-4233-8a10-c8c182f8aa19.jpg?source=next-barrier-page,"Reeves vows to clear way for BoE rate cuts with cost of living pledge  Financial TimesChancellor looking at cutting energy bills in budget  Sky NewsEd Miliband hints at cut to VAT on energy bills  BBCReeves Pledges to Tackle Inflation, Hints No Bank Tax in Budget  BloombergEd Miliband hints at cuts to energy bill VAT in Rachel Reeves’s aut",,2025-10-21 18:31:47+00:00,ft.com,,74,,https://images.ft.com/v3/image/raw/https%3A%2F%2Fd1e00ek4ebabms.cloudfront.net%2Fproduction%2Fb7822ab6-5384-4233-8a10-c8c182f8aa19.jpg?source=next-barrier-page,1,37
191,"UK ‘probably did go too far’ with Covid rules, Boris Johnson says","UK ‘probably did go too far’ with Covid rules, Boris Johnson says  Financial TimesBoris Johnson left the Covid Inquiry in a hurry - he'll be pleased not to come back  BBCGavin Williamson throws Boris Johnson under the bus  New StatesmanWill no one think about poor Boris? Former PM smirks and sighs through Covid inquiry | John Crace  The GuardianPolitics latest: Boris Johnson left in 'homicidal mood' after exa",EU,Financial Services,6,neutral,https://www.ft.com/content/0650bc7d-688d-4314-9cda-d719b5ca536f,https://images.ft.com/v3/image/raw/https%3A%2F%2Fd1e00ek4ebabms.cloudfront.net%2Fproduction%2F2ac9b78c-e43d-42a5-8e71-244000ddfca4.jpg?source=next-barrier-page,"UK ‘probably did go too far’ with Covid rules, Boris Johnson says  Financial TimesBoris Johnson left the Covid Inquiry in a hurry - he'll be pleased not to come back  BBCGavin Williamson throws Boris Johnson under the bus  New StatesmanWill no one think about poor Boris? Former PM smirks and sighs through Covid inquiry | John Crace  The GuardianPolitics latest: Boris Johnson left in 'homicidal mood' after exa",,2025-10-21 10:13:44+00:00,ft.com,,75,,https://images.ft.com/v3/image/raw/https%3A%2F%2Fd1e00ek4ebabms.cloudfront.net%2Fproduction%2F2ac9b78c-e43d-42a5-8e71-244000ddfca4.jpg?source=next-barrier-page,1,38
174,"Grooming gangs inquiry will leave 'no hiding place' for those involved, home secretary vows","Grooming gangs inquiry will leave 'no hiding place' for those involved, home secretary vows  Sky NewsFocus of grooming inquiry 'will not change', home secretary insists  BBCGrooming gang victims tell Jess Phillips to step down over chaotic inquiry  The TelegraphWhy is there a national inquiry into grooming gangs and how is it going?  The GuardianProspective chair of Starmer’s ‘grooming gang’ inquiry p",EU,Technology,6,neutral,https://www.msn.com/en-gb/politics/international-relations/grooming-gangs-inquiry-will-leave-no-hiding-place-for-those-involved-home-secretary-vows/ar-AA1OTWQl,,"Grooming gangs inquiry will leave 'no hiding place' for those involved, home secretary vows  Sky NewsFocus of grooming inquiry 'will not change', home secretary insists  BBCGrooming gang victims tell Jess Phillips to step down over chaotic inquiry  The TelegraphWhy is there a national inquiry into grooming gangs and how is it going?  The GuardianProspective chair of Starmer’s ‘grooming gang’ inquiry p",,2025-10-22 04:07:30+00:00,msn.com,,69,,,2,39
177,Ukraine hits Russian chemical plant with British Storm Shadow missiles,Ukraine war briefing: Storm Shadow missiles ‘hit gunpowder plant in Russia’  The GuardianUkraine hits Russian chemical plant with UK-made Storm Shadow missiles  BBCBritish Storm Shadow missiles used in 'massive' Ukrainian strike against Russian chemical plant  Sky NewsUkraine hits Russian chemical plant as Trump-Putin talks collapse  The TimesUkraine uses British Storm Shadow missiles to strike key chemical plant,EU,Technology,6,neutral,https://www.msn.com/en-ie/news/other/ukraine-hits-russian-chemical-plant-with-british-storm-shadow-missiles/ar-AA1OWhpo,,Ukraine war briefing: Storm Shadow missiles ‘hit gunpowder plant in Russia’  The GuardianUkraine hits Russian chemical plant with UK-made Storm Shadow missiles  BBCBritish Storm Shadow missiles used in 'massive' Ukrainian strike against Russian chemical plant  Sky NewsUkraine hits Russian chemical plant as Trump-Putin talks collapse  The TimesUkraine uses British Storm Shadow missiles to strike key chemical plant,,2025-10-22 01:06:00+00:00,msn.com,,70,,,2,40
168,Violent protests at Dublin hotel housing asylum seekers after alleged sexual assault,Dublin police condemn ‘thuggery’ after protest outside hotel housing asylum seekers turns violent  The GuardianArrests after violent protest outside Dublin migrant hotel  BBCGardaí attacked with fireworks as van set on fire amid scenes of ‘sustained violence and thuggery’ at Citywest hotel  The Irish IndependentPolice helicopter targeted with lasers by 'mob intent on violence' in Dublin  Sky NewsIrish police attacked with missiles outside mig,EU,Technology,6,neutral,https://www.msn.com/en-gb/politics/general/violent-protests-at-dublin-hotel-housing-asylum-seekers-after-alleged-sexual-assault/ar-AA1OUTXz,,Dublin police condemn ‘thuggery’ after protest outside hotel housing asylum seekers turns violent  The GuardianArrests after violent protest outside Dublin migrant hotel  BBCGardaí attacked with fireworks as van set on fire amid scenes of ‘sustained violence and thuggery’ at Citywest hotel  The Irish IndependentPolice helicopter targeted with lasers by 'mob intent on violence' in Dublin  Sky NewsIrish police attacked with missiles outside mig,,2025-10-21 22:20:00+00:00,msn.com,,67,,,2,41
165,Cancelling the Putin-Trump Budapest summit ends the fantasy the US president can deliver peace in Ukraine,Putin defies Trump to wreck Ukraine peace talks  The TelegraphTrump says he did not want 'wasted meeting' after plan for Putin talks shelved  BBCWhy is Trump and Putin's meeting off?  Sky NewsUS shelves plans for Trump-Putin talks in Budapest  The GuardianPutin’s mesmeric sway ,EU,Technology,6,neutral,https://www.msn.com/en-nz/news/other/cancelling-the-putin-trump-budapest-summit-ends-the-fantasy-the-us-president-can-deliver-peace-in-ukraine/ar-AA1OUfmV,,Putin defies Trump to wreck Ukraine peace talks  The TelegraphTrump says he did not want 'wasted meeting' after plan for Putin talks shelved  BBCWhy is Trump and Putin's meeting off?  Sky NewsUS shelves plans for Trump-Putin talks in Budapest  The GuardianPutin’s mesmeric sway ,,2025-10-21 21:36:00+00:00,msn.com,,66,,,2,42
180,Family law shift hailed as victory for children facing domestic abuse,"Family law shift hailed as victory for children facing domestic abuse  The Guardian'He killed them to punish me': Mum whose sons were killed by father says law change will save lives  ITVXGovernment action to protect children from abusive parents  GOV.UKNew year 11 years after dad killed sons, nine and 12, in house fire  Yahoo News UKMum whose ex killed her two sons in horror house fire says children are ",EU,Technology,6,neutral,https://www.theguardian.com/uk-news/2025/oct/21/family-law-shift-hailed-as-victory-for-children-facing-domestic-abuse,"https://i.guim.co.uk/img/media/537e0bfb9bed6da43fdb99273f55cea0bbb8ca6b/62_0_5840_4672/master/5840.jpg?width=1200&height=630&quality=85&auto=format&fit=crop&precrop=40:21,offset-x50,offset-y0&overlay-align=bottom%2Cleft&overlay-width=100p&overlay-base64=L2ltZy9zdGF0aWMvb3ZlcmxheXMvdGctZGVmYXVsdC5wbmc&enable=upscale&s=791657954400d38cea382696e5dffeb4","Family law shift hailed as victory for children facing domestic abuse  The Guardian'He killed them to punish me': Mum whose sons were killed by father says law change will save lives  ITVXGovernment action to protect children from abusive parents  GOV.UKNew year 11 years after dad killed sons, nine and 12, in house fire  Yahoo News UKMum whose ex killed her two sons in horror house fire says children are ",,2025-10-21 21:30:00+00:00,theguardian.com,,71,,"https://i.guim.co.uk/img/media/537e0bfb9bed6da43fdb99273f55cea0bbb8ca6b/62_0_5840_4672/master/5840.jpg?width=1200&height=630&quality=85&auto=format&fit=crop&precrop=40:21,offset-x50,offset-y0&overlay-align=bottom%2Cleft&overlay-width=100p&overlay-base64=L2ltZy9zdGF0aWMvb3ZlcmxheXMvdGctZGVmYXVsdC5wbmc&enable=upscale&s=791657954400d38cea382696e5dffeb4",2,43
183,NHS doctor arrested over 'celebration of deadly Hamas attack on Israel',"NHS doctor who ‘celebrated Hamas Oct 7 attack’ is arrested  The TelegraphNHS doctor who supported Palestine Action arrested  The TimesNHS doctor who labelled October 7 a ‘humiliation’ for Israel arrested  lbc.co.uk‘Jewish supremacy’ diatribe doctor arrested, blames ‘Israeli-Jewish lobby’  Jewish NewsPro-Hamas UK Doctor Arrested ‘For Inciting Racia",EU,Healthcare,6,neutral,https://www.msn.com/en-gb/news/other/nhs-doctor-arrested-over-celebration-of-deadly-hamas-attack-on-israel/ar-AA1OWxn1,,"NHS doctor who ‘celebrated Hamas Oct 7 attack’ is arrested  The TelegraphNHS doctor who supported Palestine Action arrested  The TimesNHS doctor who labelled October 7 a ‘humiliation’ for Israel arrested  lbc.co.uk‘Jewish supremacy’ diatribe doctor arrested, blames ‘Israeli-Jewish lobby’  Jewish NewsPro-Hamas UK Doctor Arrested ‘For Inciting Racia",,2025-10-21 21:10:00+00:00,msn.com,,72,,,2,44
171,Rachel Reeves ‘plots tax raid on solicitors and GPs in crackdown on UK’s wealthy’,Reeves targets tax partnerships in crackdown on wealthy Britons  Financial TimesReeves plots tax raid on GPs and lawyers  The TelegraphHow Rachel Reeves could balance Britain’s books and lower inequality | Letters  The GuardianTax raid on solicitors and GPs as Rachel Reeves targets wealthy  The TimesBudget 2025: what should Rachel Reeves do about tax? Join our liv,EU,Technology,6,neutral,https://www.msn.com/en-gb/money/economy/rachel-reeves-plots-tax-raid-on-solicitors-and-gps-in-crackdown-on-uk-s-wealthy/ar-AA1OVcxD,,Reeves targets tax partnerships in crackdown on wealthy Britons  Financial TimesReeves plots tax raid on GPs and lawyers  The TelegraphHow Rachel Reeves could balance Britain’s books and lower inequality | Letters  The GuardianTax raid on solicitors and GPs as Rachel Reeves targets wealthy  The TimesBudget 2025: what should Rachel Reeves do about tax? Join our liv,,2025-10-21 21:01:25+00:00,msn.com,,68,,,2,45
186,Sadiq Khan Faces Allegations of Grooming Gang Cover-Up as Victims Claim They Were ‘Gaslighted’,"London grooming gang victims ‘killing themselves’ while Sadiq Khan 'turns a blind eye'  Daily ExpressThe real story of London’s harrowing grooming gang epidemic  London Evening StandardPathetic Sadiq Khan wrecked London then ignored grooming gang rape fears  Daily ExpressSadiq Khan accused of 'turning a blind eye' to rape gangs in London despite 'real, credible evidence' of horror assaults  The SunBIG BREAKING: Sadiq Khan Accused of Grooming Gang Cover-Up; Victims ‘Gaslighted’| ",EU,Technology,6,neutral,https://www.msn.com/en-us/crime/general/sadiq-khan-faces-allegations-of-grooming-gang-cover-up-as-victims-claim-they-were-gaslighted/vi-AA1OPnQv,,"London grooming gang victims ‘killing themselves’ while Sadiq Khan 'turns a blind eye'  Daily ExpressThe real story of London’s harrowing grooming gang epidemic  London Evening StandardPathetic Sadiq Khan wrecked London then ignored grooming gang rape fears  Daily ExpressSadiq Khan accused of 'turning a blind eye' to rape gangs in London despite 'real, credible evidence' of horror assaults  The SunBIG BREAKING: Sadiq Khan Accused of Grooming Gang Cover-Up; Victims ‘Gaslighted’| ",,2025-10-21 20:00:00+00:00,msn.com,,73,,,2,46
189,Reeves' Bold Pledge: Guaranteed Paid Placements for Unemployed Youth – Promising Rate Cut or Could It Spark Labour Fears?,"Reeves vows to clear way for BoE rate cuts with cost of living pledge  Financial TimesChancellor looking at cutting energy bills in budget  Sky NewsEd Miliband hints at cut to VAT on energy bills  BBCReeves Pledges to Tackle Inflation, Hints No Bank Tax in Budget  BloombergEd Miliband hints at cuts to energy bill VAT in Rachel Reeves’s aut",EU,Financial Services,6.8,neutral,https://www.msn.com/en-gb/money/other/reeves-bold-pledge-guaranteed-paid-placements-for-unemployed-youth-promising-rate-cut-or-could-it-spark-labour-fears/ar-AA1NvBzW,,"Reeves vows to clear way for BoE rate cuts with cost of living pledge  Financial TimesChancellor looking at cutting energy bills in budget  Sky NewsEd Miliband hints at cut to VAT on energy bills  BBCReeves Pledges to Tackle Inflation, Hints No Bank Tax in Budget  BloombergEd Miliband hints at cuts to energy bill VAT in Rachel Reeves’s aut",,2025-10-21 18:31:47+00:00,msn.com,,74,,,2,47
192,Boris Johnson says UK covid rules were 'far too elaborate',"UK ‘probably did go too far’ with Covid rules, Boris Johnson says  Financial TimesBoris Johnson left the Covid Inquiry in a hurry - he'll be pleased not to come back  BBCGavin Williamson throws Boris Johnson under the bus  New StatesmanWill no one think about poor Boris? Former PM smirks and sighs through Covid inquiry | John Crace  The GuardianPolitics latest: Boris Johnson left in 'homicidal mood' after exa",EU,Financial Services,6,neutral,https://www.msn.com/en-gb/news/newsliverpool/boris-johnson-says-uk-covid-rules-were-far-too-elaborate/ar-AA1OU1eJ,,"UK ‘probably did go too far’ with Covid rules, Boris Johnson says  Financial TimesBoris Johnson left the Covid Inquiry in a hurry - he'll be pleased not to come back  BBCGavin Williamson throws Boris Johnson under the bus  New StatesmanWill no one think about poor Boris? Former PM smirks and sighs through Covid inquiry | John Crace  The GuardianPolitics latest: Boris Johnson left in 'homicidal mood' after exa",,2025-10-21 10:13:44+00:00,msn.com,,75,,,2,48
175,Two grooming gang survivors quit national inquiry panel,"Grooming gangs inquiry will leave 'no hiding place' for those involved, home secretary vows  Sky NewsFocus of grooming inquiry 'will not change', home secretary insists  BBCGrooming gang victims tell Jess Phillips to step down over chaotic inquiry  The TelegraphWhy is there a national inquiry into grooming gangs and how is it going?  The GuardianProspective chair of Starmer’s ‘grooming gang’ inquiry p",EU,Technology,6,neutral,https://www.msn.com/en-us/news/world/abuse-victim-resigns-from-grooming-gang-panel/ar-AA1OPhJP,,"Grooming gangs inquiry will leave 'no hiding place' for those involved, home secretary vows  Sky NewsFocus of grooming inquiry 'will not change', home secretary insists  BBCGrooming gang victims tell Jess Phillips to step down over chaotic inquiry  The TelegraphWhy is there a national inquiry into grooming gangs and how is it going?  The GuardianProspective chair of Starmer’s ‘grooming gang’ inquiry p",,2025-10-22 04:07:30+00:00,msn.com,,69,,,3,49
178,Ukraine uses UK-made Storm Shadow missiles to strike Russian chemical plant,Ukraine war briefing: Storm Shadow missiles ‘hit gunpowder plant in Russia’  The GuardianUkraine hits Russian chemical plant with UK-made Storm Shadow missiles  BBCBritish Storm Shadow missiles used in 'massive' Ukrainian strike against Russian chemical plant  Sky NewsUkraine hits Russian chemical plant as Trump-Putin talks collapse  The TimesUkraine uses British Storm Shadow missiles to strike key chemical plant,EU,Technology,6,neutral,https://www.msn.com/en-us/news/other/ukraine-uses-uk-made-storm-shadow-missiles-to-strike-russian-chemical-plant/ar-AA1OVgiN,,Ukraine war briefing: Storm Shadow missiles ‘hit gunpowder plant in Russia’  The GuardianUkraine hits Russian chemical plant with UK-made Storm Shadow missiles  BBCBritish Storm Shadow missiles used in 'massive' Ukrainian strike against Russian chemical plant  Sky NewsUkraine hits Russian chemical plant as Trump-Putin talks collapse  The TimesUkraine uses British Storm Shadow missiles to strike key chemical plant,,2025-10-22 01:06:00+00:00,msn.com,,70,,,3,50
169,Police are attacked in Dublin during protest outside hotel for asylum seekers after alleged sexual assault,Dublin police condemn ‘thuggery’ after protest outside hotel housing asylum seekers turns violent  The GuardianArrests after violent protest outside Dublin migrant hotel  BBCGardaí attacked with fireworks as van set on fire amid scenes of ‘sustained violence and thuggery’ at Citywest hotel  The Irish IndependentPolice helicopter targeted with lasers by 'mob intent on violence' in Dublin  Sky NewsIrish police attacked with missiles outside mig,EU,Technology,6,neutral,https://www.msn.com/en-gb/news/other/police-are-attacked-in-dublin-during-protest-outside-hotel-for-asylum-seekers-after-alleged-sexual-assault/ar-AA1OVhIb,,Dublin police condemn ‘thuggery’ after protest outside hotel housing asylum seekers turns violent  The GuardianArrests after violent protest outside Dublin migrant hotel  BBCGardaí attacked with fireworks as van set on fire amid scenes of ‘sustained violence and thuggery’ at Citywest hotel  The Irish IndependentPolice helicopter targeted with lasers by 'mob intent on violence' in Dublin  Sky NewsIrish police attacked with missiles outside mig,,2025-10-21 22:20:00+00:00,msn.com,,67,,,3,51
166,Trump-Putin summit in doubt as Kremlin sticks to hard line on Ukraine,Putin defies Trump to wreck Ukraine peace talks  The TelegraphTrump says he did not want 'wasted meeting' after plan for Putin talks shelved  BBCWhy is Trump and Putin's meeting off?  Sky NewsUS shelves plans for Trump-Putin talks in Budapest  The GuardianPutin’s mesmeric sway ,EU,Technology,6,neutral,https://www.msn.com/en-us/news/other/kremlin-says-no-dates-set-for-us-talks-but-insists-its-not-holding-up-ukraine-peace-push/ar-AA1OTM3o,,Putin defies Trump to wreck Ukraine peace talks  The TelegraphTrump says he did not want 'wasted meeting' after plan for Putin talks shelved  BBCWhy is Trump and Putin's meeting off?  Sky NewsUS shelves plans for Trump-Putin talks in Budapest  The GuardianPutin’s mesmeric sway ,,2025-10-21 21:36:00+00:00,msn.com,,66,,,3,52
181,Family law shift hailed as victory for children facing domestic abuse ...,"Family law shift hailed as victory for children facing domestic abuse  The Guardian'He killed them to punish me': Mum whose sons were killed by father says law change will save lives  ITVXGovernment action to protect children from abusive parents  GOV.UKNew year 11 years after dad killed sons, nine and 12, in house fire  Yahoo News UKMum whose ex killed her two sons in horror house fire says children are ",EU,Technology,6,neutral,https://www.pressreader.com/uk/the-guardian/20251022/281487872573420,,"Family law shift hailed as victory for children facing domestic abuse  The Guardian'He killed them to punish me': Mum whose sons were killed by father says law change will save lives  ITVXGovernment action to protect children from abusive parents  GOV.UKNew year 11 years after dad killed sons, nine and 12, in house fire  Yahoo News UKMum whose ex killed her two sons in horror house fire says children are ",,2025-10-21 21:30:00+00:00,pressreader.com,,71,,,3,53
184,Gaza Ceasefire Update: Palestinian Journalist Who Celebrated Hamas Oct 7 Attack Killed in Violent Clash,"NHS doctor who ‘celebrated Hamas Oct 7 attack’ is arrested  The TelegraphNHS doctor who supported Palestine Action arrested  The TimesNHS doctor who labelled October 7 a ‘humiliation’ for Israel arrested  lbc.co.uk‘Jewish supremacy’ diatribe doctor arrested, blames ‘Israeli-Jewish lobby’  Jewish NewsPro-Hamas UK Doctor Arrested ‘For Inciting Racia",EU,Healthcare,6,neutral,https://www.msn.com/en-gb/war-and-conflicts/war-events/gaza-ceasefire-update-palestinian-journalist-who-celebrated-hamas-oct-7-attack-killed-in-violent-clash/ar-AA1OnWEV,,"NHS doctor who ‘celebrated Hamas Oct 7 attack’ is arrested  The TelegraphNHS doctor who supported Palestine Action arrested  The TimesNHS doctor who labelled October 7 a ‘humiliation’ for Israel arrested  lbc.co.uk‘Jewish supremacy’ diatribe doctor arrested, blames ‘Israeli-Jewish lobby’  Jewish NewsPro-Hamas UK Doctor Arrested ‘For Inciting Racia",,2025-10-21 21:10:00+00:00,msn.com,,72,,,3,54
172,Rachel Reeves to launch £2billion tax raid on doctors and lawyers as she targets wealthy in Budget,Reeves targets tax partnerships in crackdown on wealthy Britons  Financial TimesReeves plots tax raid on GPs and lawyers  The TelegraphHow Rachel Reeves could balance Britain’s books and lower inequality | Letters  The GuardianTax raid on solicitors and GPs as Rachel Reeves targets wealthy  The TimesBudget 2025: what should Rachel Reeves do about tax? Join our liv,EU,Technology,6,neutral,https://www.msn.com/en-gb/news/other/rachel-reeves-to-launch-2billion-tax-raid-on-doctors-and-lawyers-as-she-targets-wealthy-in-budget/ar-AA1OUr9z,,Reeves targets tax partnerships in crackdown on wealthy Britons  Financial TimesReeves plots tax raid on GPs and lawyers  The TelegraphHow Rachel Reeves could balance Britain’s books and lower inequality | Letters  The GuardianTax raid on solicitors and GPs as Rachel Reeves targets wealthy  The TimesBudget 2025: what should Rachel Reeves do about tax? Join our liv,,2025-10-21 21:01:25+00:00,msn.com,,68,,,3,55
187,Sadiq Khan humiliated as Met Police makes huge London grooming gangs U-turn,"London grooming gang victims ‘killing themselves’ while Sadiq Khan 'turns a blind eye'  Daily ExpressThe real story of London’s harrowing grooming gang epidemic  London Evening StandardPathetic Sadiq Khan wrecked London then ignored grooming gang rape fears  Daily ExpressSadiq Khan accused of 'turning a blind eye' to rape gangs in London despite 'real, credible evidence' of horror assaults  The SunBIG BREAKING: Sadiq Khan Accused of Grooming Gang Cover-Up; Victims ‘Gaslighted’| ",EU,Technology,6,neutral,https://www.msn.com/en-gb/crime/general/sadiq-khan-humiliated-as-met-police-makes-huge-london-grooming-gangs-u-turn/ar-AA1OPrQz,,"London grooming gang victims ‘killing themselves’ while Sadiq Khan 'turns a blind eye'  Daily ExpressThe real story of London’s harrowing grooming gang epidemic  London Evening StandardPathetic Sadiq Khan wrecked London then ignored grooming gang rape fears  Daily ExpressSadiq Khan accused of 'turning a blind eye' to rape gangs in London despite 'real, credible evidence' of horror assaults  The SunBIG BREAKING: Sadiq Khan Accused of Grooming Gang Cover-Up; Victims ‘Gaslighted’| ",,2025-10-21 20:00:00+00:00,msn.com,,73,,,3,56
190,Reeves vows to clear way for BoE rate cuts with cost of living pledge,"Reeves vows to clear way for BoE rate cuts with cost of living pledge  Financial TimesChancellor looking at cutting energy bills in budget  Sky NewsEd Miliband hints at cut to VAT on energy bills  BBCReeves Pledges to Tackle Inflation, Hints No Bank Tax in Budget  BloombergEd Miliband hints at cuts to energy bill VAT in Rachel Reeves’s aut",EU,Financial Services,6.8,neutral,https://x.com/FT/status/1980705874952732859,,"Reeves vows to clear way for BoE rate cuts with cost of living pledge  Financial TimesChancellor looking at cutting energy bills in budget  Sky NewsEd Miliband hints at cut to VAT on energy bills  BBCReeves Pledges to Tackle Inflation, Hints No Bank Tax in Budget  BloombergEd Miliband hints at cuts to energy bill VAT in Rachel Reeves’s aut",,2025-10-21 18:31:47+00:00,x.com,,74,,,3,57
193,Boris Johnson admits his government’s Covid rules went ‘too far’ for children,"UK ‘probably did go too far’ with Covid rules, Boris Johnson says  Financial TimesBoris Johnson left the Covid Inquiry in a hurry - he'll be pleased not to come back  BBCGavin Williamson throws Boris Johnson under the bus  New StatesmanWill no one think about poor Boris? Former PM smirks and sighs through Covid inquiry | John Crace  The GuardianPolitics latest: Boris Johnson left in 'homicidal mood' after exa",EU,Financial Services,6,neutral,https://www.msn.com/en-gb/news/other/boris-johnson-admits-covid-rules-went-too-far-for-children/ar-AA1OSx66,,"UK ‘probably did go too far’ with Covid rules, Boris Johnson says  Financial TimesBoris Johnson left the Covid Inquiry in a hurry - he'll be pleased not to come back  BBCGavin Williamson throws Boris Johnson under the bus  New StatesmanWill no one think about poor Boris? Former PM smirks and sighs through Covid inquiry | John Crace  The GuardianPolitics latest: Boris Johnson left in 'homicidal mood' after exa",,2025-10-21 10:13:44+00:00,msn.com,,75,,,3,58
207,Donald Trump says he spoke to PM Modi about avoiding war with Pakistan,"Donald Trump says he spoke to PM Modi about avoiding war with Pakistan  The Times of IndiaAfter Diwali Phone Call, PM Modi's Message On ""Hope"", ""Terrorism"" For Trump  NDTVTrump speaks to PM Modi, extends Deepavali greetings  The HinduTrump's India-Pak War Claim; PM Modi's Sharp Counter On Terror  India TodayPM Modi thanks Trump for Diwali wishes; trade, oil, Ukraine war discussed, says US pres",India,Technology,6,neutral,https://timesofindia.indiatimes.com/world/us/trump-says-he-spoke-to-modi-about-avoiding-war-with-pakistan/articleshow/124732479.cms,"https://static.toiimg.com/thumb/msid-124732492,width-1070,height-580,imgsize-1044012,resizemode-75,overlay-toi_sw,pt-32,y_pad-40/photo.jpg","Donald Trump says he spoke to PM Modi about avoiding war with Pakistan  The Times of IndiaAfter Diwali Phone Call, PM Modi's Message On ""Hope"", ""Terrorism"" For Trump  NDTVTrump speaks to PM Modi, extends Deepavali greetings  The HinduTrump's India-Pak War Claim; PM Modi's Sharp Counter On Terror  India TodayPM Modi thanks Trump for Diwali wishes; trade, oil, Ukraine war discussed, says US pres",,2025-10-22 03:17:00+00:00,timesofindia.indiatimes.com,,91,,"https://static.toiimg.com/thumb/msid-124732492,width-1070,height-580,imgsize-1044012,resizemode-75,overlay-toi_sw,pt-32,y_pad-40/photo.jpg",1,59
213,"Mohd Mustafa, wife Razia Sultana see 'political hand' behind police complaint, say ready for probe","‘My son was a drug addict for past 18 years, died of overdose’: Punjab ex-DGP booked for son’s murder with ex-MLA wife  The Indian Express""My Rivals Can Go To Any Extent"": Ex Punjab Top Cop On Dead Son's Video  NDTVEx-Punjab DGP Mohammad Mustafa's big claim amid twists in son Aqil's death case: ‘His wife was tortured…’  Hindustan Times‘Affair, drug overdose and a death’: Explosive videos rock Punjab ex-DGP Muhammad Mustafa's family  The Times of IndiaFormer Punjab DGP, ex-minister booked for son’s murder in",India,Technology,6,neutral,https://indianexpress.com/article/cities/chandigarh/son-was-drug-addict-overdose-punjab-ex-dgp-booked-son-murder-ex-mla-wife-10319865/,https://images.indianexpress.com/2025/10/punjab-dgp.png,"‘My son was a drug addict for past 18 years, died of overdose’: Punjab ex-DGP booked for son’s murder with ex-MLA wife  The Indian Express""My Rivals Can Go To Any Extent"": Ex Punjab Top Cop On Dead Son's Video  NDTVEx-Punjab DGP Mohammad Mustafa's big claim amid twists in son Aqil's death case: ‘His wife was tortured…’  Hindustan Times‘Affair, drug overdose and a death’: Explosive videos rock Punjab ex-DGP Muhammad Mustafa's family  The Times of IndiaFormer Punjab DGP, ex-minister booked for son’s murder in",,2025-10-22 02:46:00+00:00,indianexpress.com,,93,,https://images.indianexpress.com/2025/10/punjab-dgp.png,1,60
210,Farm fires down 77% in Punjab-Haryana — yet Delhi's AQI turned more ...,"Farm fires down 77% in Punjab-Haryana — yet Delhi’s AQI turned more toxic after Diwali 2025, report reveals major causes  MintAfter festival of lights, New Delhi plunged into toxic darkness and world’s most polluted air  CNNDoctor Explains Why Delhi's Air Makes Us More Vulnerable To Infections  NDTVDelhi AQI: 2 days after Diwali, city choked by thick smog; air quality remains 'very poor'  The Times of IndiaDeepavali fireworks worsen Delhi",India,Technology,7.8,neutral,https://www.livemint.com/news/india/farm-fires-down-77-in-punjab-haryana-yet-delhi-s-air-turned-more-toxic-after-diwali-report-reveals-major-causes-11761096036185.html,https://www.livemint.com/lm-img/img/2025/10/22/1600x900/Tilak-Marg-3_1761101510127_1761101522601.jpg,"Farm fires down 77% in Punjab-Haryana — yet Delhi’s AQI turned more toxic after Diwali 2025, report reveals major causes  MintAfter festival of lights, New Delhi plunged into toxic darkness and world’s most polluted air  CNNDoctor Explains Why Delhi's Air Makes Us More Vulnerable To Infections  NDTVDelhi AQI: 2 days after Diwali, city choked by thick smog; air quality remains 'very poor'  The Times of IndiaDeepavali fireworks worsen Delhi",,2025-10-22 01:39:09+00:00,livemint.com,,92,,https://www.livemint.com/lm-img/img/2025/10/22/1600x900/Tilak-Marg-3_1761101510127_1761101522601.jpg,1,61
216,"Red alert for north coastal Tamil Nadu, Chennai braces for first threatening spell","Red alert for north coastal Tamil Nadu, Chennai braces for first threatening spell  The New Indian ExpressMonsoon rains LIVE: Red alert across several Kerala, Tamil Nadu districts today; holiday declared for schools, colleges  The HinduTamil Nadu Braces For Extremely Heavy Rain, Weather Office Issues Red Alert  NDTVChennai schools closed, cyclone alert in issued as heavy rain batters Tamil Nadu  Hindustan TimesChennai rain: Orange alert issued for city, red alert for four north TN dist",India,Technology,6,neutral,https://www.msn.com/en-in/news/other/red-alert-for-north-coastal-tamil-nadu-chennai-braces-for-first-threatening-spell/ar-AA1OTk6W,,"Red alert for north coastal Tamil Nadu, Chennai braces for first threatening spell  The New Indian ExpressMonsoon rains LIVE: Red alert across several Kerala, Tamil Nadu districts today; holiday declared for schools, colleges  The HinduTamil Nadu Braces For Extremely Heavy Rain, Weather Office Issues Red Alert  NDTVChennai schools closed, cyclone alert in issued as heavy rain batters Tamil Nadu  Hindustan TimesChennai rain: Orange alert issued for city, red alert for four north TN dist",,2025-10-21 17:24:17+00:00,msn.com,,94,,,1,62
219,No plans for immediate Trump-Putin meeting: White House,"No plans for immediate Trump-Putin meeting: White House  The HinduTrump says he did not want 'wasted meeting' after plan for Putin talks shelved  BBCTrump Says Doesn't Want ""Wasted Meeting"" With Putin  NDTVUkraine-Russia war: Trump-Putin meet in Budapest put on hold; Rubio calls Lavrov  The Times of India‘No plans’ for Trump-Putin summit in near future, ",India,Technology,6,neutral,https://www.thehindu.com/news/international/no-plans-for-immediate-trump-putin-meeting-white-house/article70187292.ece,https://th-i.thgim.com/public/incoming/imb8vi/article70187298.ece/alternates/LANDSCAPE_1200/2025-10-17T145109Z_1510447028_RC2V7GA6FCZM_RTRMADP_3_UKRAINE-CRISIS-PEACE.JPG,"No plans for immediate Trump-Putin meeting: White House  The HinduTrump says he did not want 'wasted meeting' after plan for Putin talks shelved  BBCTrump Says Doesn't Want ""Wasted Meeting"" With Putin  NDTVUkraine-Russia war: Trump-Putin meet in Budapest put on hold; Rubio calls Lavrov  The Times of India‘No plans’ for Trump-Putin summit in near future, ",,2025-10-21 15:34:00+00:00,thehindu.com,,95,,https://th-i.thgim.com/public/incoming/imb8vi/article70187298.ece/alternates/LANDSCAPE_1200/2025-10-17T145109Z_1510447028_RC2V7GA6FCZM_RTRMADP_3_UKRAINE-CRISIS-PEACE.JPG,1,63
208,Trump's India-Pak War Claim; PM Modi's Sharp Counter On Terror,"Donald Trump says he spoke to PM Modi about avoiding war with Pakistan  The Times of IndiaAfter Diwali Phone Call, PM Modi's Message On ""Hope"", ""Terrorism"" For Trump  NDTVTrump speaks to PM Modi, extends Deepavali greetings  The HinduTrump's India-Pak War Claim; PM Modi's Sharp Counter On Terror  India TodayPM Modi thanks Trump for Diwali wishes; trade, oil, Ukraine war discussed, says US pres",India,Technology,6,neutral,https://www.msn.com/en-us/politics/international-relations/trump-s-india-pak-war-claim-pm-modi-s-sharp-counter-on-terror/vi-AA1OWvjK,,"Donald Trump says he spoke to PM Modi about avoiding war with Pakistan  The Times of IndiaAfter Diwali Phone Call, PM Modi's Message On ""Hope"", ""Terrorism"" For Trump  NDTVTrump speaks to PM Modi, extends Deepavali greetings  The HinduTrump's India-Pak War Claim; PM Modi's Sharp Counter On Terror  India TodayPM Modi thanks Trump for Diwali wishes; trade, oil, Ukraine war discussed, says US pres",,2025-10-22 03:17:00+00:00,msn.com,,91,,,2,64
214,Ga. mother takes action after her son dies from a drug overdose,"‘My son was a drug addict for past 18 years, died of overdose’: Punjab ex-DGP booked for son’s murder with ex-MLA wife  The Indian Express""My Rivals Can Go To Any Extent"": Ex Punjab Top Cop On Dead Son's Video  NDTVEx-Punjab DGP Mohammad Mustafa's big claim amid twists in son Aqil's death case: ‘His wife was tortured…’  Hindustan Times‘Affair, drug overdose and a death’: Explosive videos rock Punjab ex-DGP Muhammad Mustafa's family  The Times of IndiaFormer Punjab DGP, ex-minister booked for son’s murder in",India,Technology,6,neutral,https://www.msn.com/en-us/public-safety-and-emergencies/health-and-safety-alerts/ga-mother-takes-action-after-her-son-dies-from-a-drug-overdose/ar-AA1r3Bj3,,"‘My son was a drug addict for past 18 years, died of overdose’: Punjab ex-DGP booked for son’s murder with ex-MLA wife  The Indian Express""My Rivals Can Go To Any Extent"": Ex Punjab Top Cop On Dead Son's Video  NDTVEx-Punjab DGP Mohammad Mustafa's big claim amid twists in son Aqil's death case: ‘His wife was tortured…’  Hindustan Times‘Affair, drug overdose and a death’: Explosive videos rock Punjab ex-DGP Muhammad Mustafa's family  The Times of IndiaFormer Punjab DGP, ex-minister booked for son’s murder in",,2025-10-22 02:46:00+00:00,msn.com,,93,,,2,65
211,"Farm fires down 77% in Punjab-Haryana — yet Delhi’s air turned more toxic after Diwali, report reveals major causes","Farm fires down 77% in Punjab-Haryana — yet Delhi’s AQI turned more toxic after Diwali 2025, report reveals major causes  MintAfter festival of lights, New Delhi plunged into toxic darkness and world’s most polluted air  CNNDoctor Explains Why Delhi's Air Makes Us More Vulnerable To Infections  NDTVDelhi AQI: 2 days after Diwali, city choked by thick smog; air quality remains 'very poor'  The Times of IndiaDeepavali fireworks worsen Delhi",India,Technology,7.8,neutral,https://www.msn.com/en-in/public-safety-and-emergencies/health-and-safety-alerts/farm-fires-down-77-in-punjab-haryana-yet-delhi-s-air-turned-more-toxic-after-diwali-report-reveals-major-causes/ar-AA1OWa7K,,"Farm fires down 77% in Punjab-Haryana — yet Delhi’s AQI turned more toxic after Diwali 2025, report reveals major causes  MintAfter festival of lights, New Delhi plunged into toxic darkness and world’s most polluted air  CNNDoctor Explains Why Delhi's Air Makes Us More Vulnerable To Infections  NDTVDelhi AQI: 2 days after Diwali, city choked by thick smog; air quality remains 'very poor'  The Times of IndiaDeepavali fireworks worsen Delhi",,2025-10-22 01:39:09+00:00,msn.com,,92,,,2,66
217,Tamil Nadu on Red Alert! Chennai to be Hit by Extremely Heavy Rainfall Amid Monsoon Fury,"Red alert for north coastal Tamil Nadu, Chennai braces for first threatening spell  The New Indian ExpressMonsoon rains LIVE: Red alert across several Kerala, Tamil Nadu districts today; holiday declared for schools, colleges  The HinduTamil Nadu Braces For Extremely Heavy Rain, Weather Office Issues Red Alert  NDTVChennai schools closed, cyclone alert in issued as heavy rain batters Tamil Nadu  Hindustan TimesChennai rain: Orange alert issued for city, red alert for four north TN dist",India,Technology,6,neutral,https://www.msn.com/en-us/news/other/tamil-nadu-on-red-alert-chennai-to-be-hit-by-extremely-heavy-rainfall-amid-monsoon-fury/vi-AA1OTLQR,,"Red alert for north coastal Tamil Nadu, Chennai braces for first threatening spell  The New Indian ExpressMonsoon rains LIVE: Red alert across several Kerala, Tamil Nadu districts today; holiday declared for schools, colleges  The HinduTamil Nadu Braces For Extremely Heavy Rain, Weather Office Issues Red Alert  NDTVChennai schools closed, cyclone alert in issued as heavy rain batters Tamil Nadu  Hindustan TimesChennai rain: Orange alert issued for city, red alert for four north TN dist",,2025-10-21 17:24:17+00:00,msn.com,,94,,,2,67
220,"White House official says ""no plans"" for Trump-Putin meeting in the ""immediate future""","No plans for immediate Trump-Putin meeting: White House  The HinduTrump says he did not want 'wasted meeting' after plan for Putin talks shelved  BBCTrump Says Doesn't Want ""Wasted Meeting"" With Putin  NDTVUkraine-Russia war: Trump-Putin meet in Budapest put on hold; Rubio calls Lavrov  The Times of India‘No plans’ for Trump-Putin summit in near future, ",India,Technology,6,neutral,https://www.msn.com/en-us/news/other/white-house-official-says-no-plans-for-trump-putin-meeting-in-immediate-future/ar-AA1OTN8j,,"No plans for immediate Trump-Putin meeting: White House  The HinduTrump says he did not want 'wasted meeting' after plan for Putin talks shelved  BBCTrump Says Doesn't Want ""Wasted Meeting"" With Putin  NDTVUkraine-Russia war: Trump-Putin meet in Budapest put on hold; Rubio calls Lavrov  The Times of India‘No plans’ for Trump-Putin summit in near future, ",,2025-10-21 15:34:00+00:00,msn.com,,95,,,2,68
209,"Trump celebrates Diwali at White House, speaks with PM Modi about trade, ‘no wars' with Pakistan | Video","Donald Trump says he spoke to PM Modi about avoiding war with Pakistan  The Times of IndiaAfter Diwali Phone Call, PM Modi's Message On ""Hope"", ""Terrorism"" For Trump  NDTVTrump speaks to PM Modi, extends Deepavali greetings  The HinduTrump's India-Pak War Claim; PM Modi's Sharp Counter On Terror  India TodayPM Modi thanks Trump for Diwali wishes; trade, oil, Ukraine war discussed, says US pres",India,Technology,6,neutral,https://www.msn.com/en-in/politics/government/trump-celebrates-diwali-at-white-house-speaks-with-pm-modi-about-trade-no-wars-with-pakistan-video/ar-AA1OVxaa,,"Donald Trump says he spoke to PM Modi about avoiding war with Pakistan  The Times of IndiaAfter Diwali Phone Call, PM Modi's Message On ""Hope"", ""Terrorism"" For Trump  NDTVTrump speaks to PM Modi, extends Deepavali greetings  The HinduTrump's India-Pak War Claim; PM Modi's Sharp Counter On Terror  India TodayPM Modi thanks Trump for Diwali wishes; trade, oil, Ukraine war discussed, says US pres",,2025-10-22 03:17:00+00:00,msn.com,,91,,,3,69
215,"My son was a drug addict for past 18 years, died of overdose","‘My son was a drug addict for past 18 years, died of overdose’: Punjab ex-DGP booked for son’s murder with ex-MLA wife  The Indian Express""My Rivals Can Go To Any Extent"": Ex Punjab Top Cop On Dead Son's Video  NDTVEx-Punjab DGP Mohammad Mustafa's big claim amid twists in son Aqil's death case: ‘His wife was tortured…’  Hindustan Times‘Affair, drug overdose and a death’: Explosive videos rock Punjab ex-DGP Muhammad Mustafa's family  The Times of IndiaFormer Punjab DGP, ex-minister booked for son’s murder in",India,Technology,6,neutral,https://www.facebook.com/story.php?story_fbid=1391016439048821&id=100044214347061,,"‘My son was a drug addict for past 18 years, died of overdose’: Punjab ex-DGP booked for son’s murder with ex-MLA wife  The Indian Express""My Rivals Can Go To Any Extent"": Ex Punjab Top Cop On Dead Son's Video  NDTVEx-Punjab DGP Mohammad Mustafa's big claim amid twists in son Aqil's death case: ‘His wife was tortured…’  Hindustan Times‘Affair, drug overdose and a death’: Explosive videos rock Punjab ex-DGP Muhammad Mustafa's family  The Times of IndiaFormer Punjab DGP, ex-minister booked for son’s murder in",,2025-10-22 02:46:00+00:00,facebook.com,,93,,,3,70
212,Farm Fires Down 77% In Punjab-Haryana - Yet Delhi's Air Turned More ...,"Farm fires down 77% in Punjab-Haryana — yet Delhi’s AQI turned more toxic after Diwali 2025, report reveals major causes  MintAfter festival of lights, New Delhi plunged into toxic darkness and world’s most polluted air  CNNDoctor Explains Why Delhi's Air Makes Us More Vulnerable To Infections  NDTVDelhi AQI: 2 days after Diwali, city choked by thick smog; air quality remains 'very poor'  The Times of IndiaDeepavali fireworks worsen Delhi",India,Technology,7.8,neutral,https://menafn.com/1110229396/Farm-Fires-Down-77-In-Punjab-Haryana-Yet-Delhis-Air-Turned-More-Toxic-After-Diwali-Report-Reveals-Major-Causes,https://menafn.com/updates/pr/2025-10/21/LM_b0e8cimage_story.jpg,"Farm fires down 77% in Punjab-Haryana — yet Delhi’s AQI turned more toxic after Diwali 2025, report reveals major causes  MintAfter festival of lights, New Delhi plunged into toxic darkness and world’s most polluted air  CNNDoctor Explains Why Delhi's Air Makes Us More Vulnerable To Infections  NDTVDelhi AQI: 2 days after Diwali, city choked by thick smog; air quality remains 'very poor'  The Times of IndiaDeepavali fireworks worsen Delhi",,2025-10-22 01:39:09+00:00,menafn.com,,92,,https://menafn.com/updates/pr/2025-10/21/LM_b0e8cimage_story.jpg,3,71
218,"Tamil Nadu braces for more rain, 8 districts put on red alert - MSN","Red alert for north coastal Tamil Nadu, Chennai braces for first threatening spell  The New Indian ExpressMonsoon rains LIVE: Red alert across several Kerala, Tamil Nadu districts today; holiday declared for schools, colleges  The HinduTamil Nadu Braces For Extremely Heavy Rain, Weather Office Issues Red Alert  NDTVChennai schools closed, cyclone alert in issued as heavy rain batters Tamil Nadu  Hindustan TimesChennai rain: Orange alert issued for city, red alert for four north TN dist",India,Technology,6,neutral,https://www.msn.com/en-in/news/India/tamil-nadu-braces-for-more-rain-8-districts-put-on-red-alert/ar-AA1OV1d1,,"Red alert for north coastal Tamil Nadu, Chennai braces for first threatening spell  The New Indian ExpressMonsoon rains LIVE: Red alert across several Kerala, Tamil Nadu districts today; holiday declared for schools, colleges  The HinduTamil Nadu Braces For Extremely Heavy Rain, Weather Office Issues Red Alert  NDTVChennai schools closed, cyclone alert in issued as heavy rain batters Tamil Nadu  Hindustan TimesChennai rain: Orange alert issued for city, red alert for four north TN dist",,2025-10-21 17:24:17+00:00,msn.com,,94,,,3,72
221,Trump says doesn't want 'wasted' meeting with Putin,"No plans for immediate Trump-Putin meeting: White House  The HinduTrump says he did not want 'wasted meeting' after plan for Putin talks shelved  BBCTrump Says Doesn't Want ""Wasted Meeting"" With Putin  NDTVUkraine-Russia war: Trump-Putin meet in Budapest put on hold; Rubio calls Lavrov  The Times of India‘No plans’ for Trump-Putin summit in near future, ",India,Technology,6,neutral,https://www.moneycontrol.com/world/trump-says-doesn-t-want-wasted-meeting-with-putin-article-13626688.html,https://images.moneycontrol.com/static-mcnews/2025/08/20250816194100_Trump-Putin-3.jpg,"No plans for immediate Trump-Putin meeting: White House  The HinduTrump says he did not want 'wasted meeting' after plan for Putin talks shelved  BBCTrump Says Doesn't Want ""Wasted Meeting"" With Putin  NDTVUkraine-Russia war: Trump-Putin meet in Budapest put on hold; Rubio calls Lavrov  The Times of India‘No plans’ for Trump-Putin summit in near future, ",,2025-10-21 15:34:00+00:00,moneycontrol.com,,95,,https://images.moneycontrol.com/static-mcnews/2025/08/20250816194100_Trump-Putin-3.jpg,3,73